category,topic,subtopic_search_term,wiki_title,content,revision_id,permanent_link,content_id_en,translation_failed,content_id_cn
Disasters and Accidents,Disasters and Accidents,Disasters and Accidents,Lists of disasters,"以下是灾难列表。

自然灾害
自然灾害是指自然灾害事件发生后对社会或社区造成的高度有害影响。这些列表是自然灾害列表：

雪崩列表
暴风雪列表
derecho 事件列表
干旱列表
地震列表
火灾列表
野火列表
加州野火名单
洪水列表
加拿大的洪水历史
最致命的洪水名单
山洪暴发列表
荷兰的洪水列表
巴基斯坦的洪水列表
谢菲尔德的洪水列表
热浪列表
冰暴列表
山体滑坡列表
按死亡人数划分的自然灾害列表
太阳风暴列表
龙卷风和龙卷风爆发列表
已退役的热带气旋名称列表
历史上的热带气旋名称列表
热带气旋的概要
海啸列表
大型火山喷发列表
1500-2000 年火山喷发列表
21 世纪火山喷发列表
按死亡人数划分的火山喷发列表

意外的人为行为造成的灾难
这些是意外的人为行为造成的灾难列表。

按死亡人数划分的事故和灾害列表

运输
航空事故和事件列表
涉及商用飞机的事故和事件清单
涉及军用飞机的事故和事件清单
飞艇事故清单
热气球事故清单
涉及直升机的事故和事件清单
电梯事故一览
海上灾害一览
沉船列表
锅炉爆炸列表
铁路事故清单
锅炉爆炸列表
电车事故一览表
油轮爆炸列表
交通事故清单
油轮爆炸列表
与航天相关的事故和事件清单

工业
工业灾害一览
美国天然气和石油生产事故一览表
结构失效和倒塌列表
网桥故障列表
大坝溃坝列表
堤坝失败列表
桅杆和塔架倒塌列表
现代基础设施故障列表
爆炸列表
锅炉爆炸列表
沸腾液体膨胀蒸气爆炸 （BLEVE） 列表
主要停电列表
矿难列表
中国煤矿事故一览表
金矿灾害列表
兰开夏郡的矿难清单
波兰的矿难列表
核事故和辐射事故
日本核事故
民用辐射事故列表
切尔诺贝利相关文章列表
按死亡人数划分的核事故和辐射事故清单
核灾难和放射性事件清单
沉没核潜艇名单
漏油清单

健康
饥荒列表
食物污染事故一览
流行病和大流行病清单
大规模疏散名单
药品污染事件一览
甲醇中毒事件一览

蓄意的人为行为造成的灾难
这些是由故意的人为行为或公共危害或应受过错的疏忽造成的灾难清单。

游乐园事故一览表
经济危机清单
环境灾害一览
爆炸列表
锅炉爆炸列表
沸腾液体膨胀蒸气爆炸 （BLEVE） 列表
油轮爆炸列表
火灾列表
建筑物或构筑物火灾清单
马戏团火灾列表
美国酒店火灾列表
夜总会火灾列表
城镇和城市火灾列表
交通火灾列表
烟花事故和事件列表
人为集体中毒事件列表
孤儿放射源事件列表
暗恋对象列表
军事灾难列表
骚乱列表
恐怖事件列表
战争列表
按死亡人数划分的战争列表

按位置
南极洲的灾害清单
澳大利亚的灾害清单
加拿大的灾难清单
按死亡人数划分的加拿大灾害列表
克罗地亚的灾难清单
爱沙尼亚的灾难列表
斐济的灾难清单
法国的灾难列表
大不列颠和爱尔兰的灾害列表
希腊的灾难清单
海地的灾难清单
印度尼西亚的灾害列表
印度尼西亚的灾害清单
印度尼西亚的地震列表
印度尼西亚的自然灾害清单
新西兰的灾害清单
新西兰自然灾害清单
巴基斯坦的灾难清单
菲律宾的灾害列表
波兰的灾难列表
新加坡的灾害清单
韩国的灾害清单
韩国人为灾害列表
西班牙的灾难清单
瑞典的灾难列表
瑞士的灾难列表
台湾的灾难列表
泰国的灾难清单
美国的灾难列表

其他
按成本划分的灾难列表
工程失误列表",1294468582,https://en.wikipedia.org/w/index.php?title=Lists_of_disasters&oldid=1294468582,75b2e1fee069,0,33e4b831b22a
Disasters and Accidents,Disasters and Accidents,Disasters and Accidents,Nuclear and radiation accidents and incidents,"国际原子能机构 （IAEA） 将核事故和辐射事故定义为“对人员、环境或设施造成重大后果的事件”。示例包括对个人的致命影响、向环境释放大量放射性或反应堆堆芯熔化。“重大核事故”的典型例子是反应堆堆芯受损并释放大量放射性同位素，例如 1986 年的切尔诺贝利灾难和 2011 年的福岛核灾难。自 1954 年建造第一座核反应堆以来，核事故的影响一直是一个争论的话题，并且一直是公众对核设施关注的关键因素。已采取技术措施，以降低事故风险或尽量减少释放到环境中的放射性量;然而，人为错误仍然存在，并且“发生了许多影响不同的事故以及未遂事故和事故”。截至 2014 年，已发生 100 多起严重核事故和核电使用事故。自切尔诺贝利灾难以来，已经发生了 57 起事故或严重事件，大约 60% 的核相关事故/严重事件发生在美国。严重的核电站事故包括福岛核灾难（2011 年）、切尔诺贝利灾难（1986 年）、三里岛事故（1979 年）和 SL-1 事故（1961 年）。核电事故可能涉及生命损失和补救工作的巨额金钱成本。核潜艇事故包括 K-19 （1961）、K-11 （1965）、K-27 （1968）、K-140 （1968）、K-429 （1970）、K-222 （1980） 和 K-431 （1985） 事故。严重的辐射事件/事故包括 Kyshtym 灾难、Windscale 火灾、哥斯达黎加的放射治疗事故、萨拉戈萨的放射治疗事故、摩洛哥的辐射事故、Goiania 事故、墨西哥城的辐射事故、Samut Prakan 辐射事故和印度的 Mayapuri 放射事故。国际原子能机构（IAEA）维护着一个网站，报告最近的核事故。2020 年，世界卫生组织表示，“从过去的放射性和核事故中吸取的教训表明，心理健康和社会心理后果可能超过辐射暴露对身体健康的直接影响。

核电站事故
世界上第一个核反应堆熔毁是 1952 年加拿大安大略省 Chalk River Laboratories 的 NRX 反应堆。迄今为止最严重的核事故是 1986 年发生在乌克兰苏维埃社会主义共和国（现为乌克兰）的切尔诺贝利灾难。该事故直接造成约 30 人死亡，损失约 70 亿美元的财产。世界卫生组织 2005 年发表的一项研究估计，在暴露于大量辐射水平的人群中，最终可能会有多达 4,000 名与事故相关的癌症死亡。事故产生的放射性沉降物集中在白俄罗斯、乌克兰和俄罗斯地区。其他研究估计，切尔诺贝利最终导致多达 100 多万人死于癌症。对癌症最终死亡人数的估计存在很大争议。行业、联合国和美国能源部机构声称，可依法证明的癌症死亡人数很少，可追溯到这场灾难。联合国、能源部和行业机构都使用流行病学可解决死亡人数的限值作为分界线，低于该限值就无法从法律上证明他们来自灾难。独立研究根据剂量和人群统计计算致命癌症，即使额外癌症的数量将低于约 1% 的流行病学测量阈值。这是两个截然不同的概念，导致估计值的巨大差异。两者都是具有不同含义的合理预测。事故发生后不久，大约 350,000 人被强行安置离开这些地区。6,000 人参与了切尔诺贝利的清洁工作，10,800 平方英里（28,000 平方公里）的土地受到污染。社会科学家和能源政策专家 Benjamin K. Sovacool 报告说，从 1952 年到 2009 年，全球核电站发生了 99 起事故（定义为导致人员伤亡或财产损失超过 50,000 美元的事故，美国联邦政府用它来定义必须报告的重大能源事故的金额）， 总计 205 亿美元的财产损失。与核电站事故相关的死亡人数相对较少。Mark Foreman 发表了对许多反应堆事故和这些事件现象的学术评论。核电站事故和事件清单
核反应堆攻击
核电厂容易受到蓄意攻击，这在核安全和核安保领域令人担忧。核电站、民用研究堆、某些海军燃料设施、铀浓缩厂、燃料制造厂，甚至可能的铀矿都容易受到攻击，这可能导致广泛的放射性污染。攻击威胁分为几种一般类型：对设备进行类似突击队的地面攻击，如果禁用，可能会导致反应堆堆芯熔毁或放射性广泛扩散，外部攻击（例如飞机坠毁到反应堆综合体）或网络攻击。美国 9/11 委员会发现，核电站最初被认为是 9 月 11 日袭击的一部分的潜在目标。如果恐怖组织能够充分破坏安全系统以导致核电站堆芯熔毁，或足以损坏乏燃料池，那么此类攻击可能会导致广泛的放射性污染。美国科学家联合会（Federation of American Scientists）表示，如果要大幅扩大核能的使用，就必须使核设施极其安全，免受可能将放射性释放到环境中的攻击。新的反应堆设计具有被动核安全的特点，这可能会有所帮助。在美国，NRC 至少每三年在所有核电站 （NPP） 场地进行一次“武力对武力”（FOF） 演习。核反应堆成为军事冲突期间的首选目标，并在 1980 年至 2007 年期间的军事空袭、占领、入侵和战役中多次遭到攻击。自 1980 年以来，和平组织 Plowshares 的各种公民不服从行为表明了核武器设施是如何被渗透的，该组织的行为代表了对美国核武器工厂安全的非凡破坏。美国国家核安全管理局（National Nuclear Security Administration）已经承认了2012年犁头行动的严重性。防扩散政策专家质疑“利用私人承包商为制造和储存政府最危险的军事物资的设施提供安全保障”。黑市上的核武器材料是全球关注的问题，人们担心激进组织可能会在大城市引爆小型、粗糙的核武器或脏弹，造成重大生命和财产损失。网络攻击的数量和复杂程度正在上升。Stuxnet 是 2010 年 6 月发现的一种计算机蠕虫，据信是由美国和以色列制造的，用于攻击伊朗的核设施。它关闭了安全装置，导致离心机失控旋转。韩国核电站运营商 （KHNP） 的计算机于 2014 年 12 月遭到黑客攻击。网络攻击涉及数千封包含恶意代码的网络钓鱼电子邮件，信息被盗。2022 年 3 月，随着俄罗斯军队控制，埃内尔霍达尔战役对扎波罗热核电站造成破坏，其训练场发生火灾，加剧了对核污染的担忧。2022 年 9 月 6 日，国际原子能机构总干事拉斐尔·格罗西在联合国安理会发表讲话，呼吁在核电站周围设立核安全和安保保护区，并重申他的调查结果，即“[核安全和核安保] 七大支柱在核电站都受到了损害。

辐射和其他事故和事件
严重辐射和其他事故和事件包括：

1940 年代
1945 年 5 月：阿尔伯特·史蒂文斯 （Albert Stevens） 是人体辐射实验的几名受试者之一，在他不知情或未经知情同意的情况下被注射了钚。尽管史蒂文斯是钚实验期间受到最高剂量辐射的人，但他既不是第一个也不是最后一个被研究的对象。18 名 4 至 69 岁的人被注射了钚。被选中进行实验的受试者被诊断出患有绝症。他们的寿命从注射时间后 6 天到 44 年不等。18 人中有 8 人在注射后两年内死亡。尽管一种死因尚不清楚，但威廉·莫斯 （William Moss） 和罗杰·埃克哈特 （Roger Eckhardt） 的一份报告得出结论，“没有证据表明任何患者死于可归因于钚注射的原因。来自罗切斯特、芝加哥和橡树岭的患者也在曼哈顿计划人体实验中被注射了钚。1945 年 8 月 6 日至 9 日：根据哈里·杜鲁门总统的命令，一种铀枪设计的炸弹“小男孩”被用于攻击日本广岛市。Fat Man 是一种钚内爆设计的炸弹，用于对付长崎市。这两种武器当场造成大约 120,000 至 140,000 名平民和军事人员死亡，多年来还有数千人死于辐射病和相关癌症。1945 年 8 月：美国洛斯阿拉莫斯国家实验室发生临界事故。Harry Daghlian 去世。1946 年 5 月：洛斯阿拉莫斯国家实验室发生临界事故。路易斯·斯洛廷去世。1950 年代
1950 年 2 月 13 日：一架康维尔 B-36B 在抛弃一枚 Mark IV 原子弹后在不列颠哥伦比亚省北部坠毁。这是历史上第一次这样的核武器损失。1952 年 12 月 12 日：NRX AECL Chalk River 实验室，加拿大安大略省 Chalk River。部分崩溃，大约 10,000 个居里被释放。大约 1202 人参与了为期两年的清理工作。未来的总统吉米·卡特 （Jimmy Carter） 是帮助清理事故的众多人之一。1953 年 3 月 15 日：前苏联马亚克。临界事故。工厂人员受到污染。1954 年 3 月 1 日：1954 年的 15 Mt Mt Castle Bravo 炮弹在许多太平洋岛屿上传播了大量核尘埃，包括几个有人居住的岛屿和一些尚未疏散的岛屿。1954 年 3 月 1 日：Daigo Fukuryū Maru，日本渔船被 Castle Bravo 的尘埃污染，1 人死亡。1954 年 3 月 2 日：美国海军油轮 USS Patapsco 在从 Enewetak 环礁航行到珍珠港时被 Castle Bravo 的尘埃污染。1957 年 9 月：Rocky Flats 工厂发生钚火灾，导致 71 号楼受到污染，钚释放到大气中，造成 818,600 美元的损失。1957 年 5 月 21 日：前苏联马亚克。工厂编号 20 的临界事故，在收集草酸盐绗酸盐过滤沉积物浓缩铀后绗酸酯。6 人接受了 300 至 1,000 雷姆的剂量（4 名女性和 2 名男性），1 名女性死亡。1957 年 9 月 29 日：Kyshtym 灾难：俄罗斯同一家 Mayak 工厂发生核废料储罐爆炸。没有立即死亡，尽管周围地区的放射性污染可能导致多达 200+ 的额外癌症死亡;270,000 人暴露在危险的辐射水平下。1958 年至 1991 年间，苏联地图上删除了 30 多个小社区。（INES 6 级）
1957 年 10 月：英国 Windscale 大火。火灾点燃了“钚堆”（一种用于生产钚和同位素的风冷、石墨慢化、以铀为燃料的反应堆）并污染了周围的奶牛场。估计有 33 人死于癌症。1957-1964 年：Rocketdyne 位于加利福尼亚州洛杉矶以北 30 英里的圣苏珊娜野外实验室，运行着 10 个实验性核反应堆。发生了许多事故，包括堆芯熔毁。那个时代的实验反应堆不需要具有与现代核反应堆相同类型的安全壳结构。在 Rocketdyne 发生事故的冷战时期，能源部并未公开报告这些事件。1958 年：加拿大查尔克河国家研究通用反应堆 （NRU） 燃料破裂和起火。1958 年 2 月 10 日：前苏联马亚克。SCR 装置的临界事故。进行实验以确定溶液中具有不同浓度铀的圆柱形容器中浓缩铀的临界质量。工作人员违反了使用 YADM（核裂变材料）的规则和说明。当 SCR 人员接受 7,600 至 13,000 雷姆的剂量时。三人死亡，一人患上放射病并失明。1958 年 10 月 15 日：南斯拉夫文查。新安装的反应器发生了临界事件。六名年轻研究人员接受了高剂量的辐射，随后在巴黎的“Kiri”研究所接受治疗，其中一人死亡。1958 年 12 月 30 日：塞西尔·凯利 （Cecil Kelley） 在洛斯阿拉莫斯国家实验室发生临界事故。1959 年 3 月：加利福尼亚州洛杉矶圣苏珊娜野外实验室。燃料加工厂起火。1959 年 7 月：加利福尼亚州洛杉矶圣苏珊娜野外实验室。部分熔毁。1959 年 10 月 15 日，一架载有两枚核武器的 B-52 在肯塔基州哈丁斯堡附近与一架 KC-135 加油机在半空中相撞。其中一枚核弹被大火损坏，但两枚武器都被回收。1960 年代
1960 年 6 月 7 日：1960 年迪克斯堡 IM-99 事故摧毁了一枚 CIM-10 Bomarc 核导弹和掩体，并污染了新泽西州的 BOMARC 导弹事故现场。1961 年 1 月 24 日：1961 年戈尔兹伯勒 B-52 坠毁事件发生在北卡罗来纳州戈尔兹伯勒附近。一架携带两枚 Mark 39 核弹的 B-52 同温层堡垒在半空中解体，在此过程中投下了核有效载荷。1961 年 7 月：苏联潜艇 K-19 事故。8 人死亡，30 多人过度暴露于辐射下。1962 年 7 月 6 日，色当核试验意外释放了 33 PBq 的放射性碘 131 和其他放射性物质。1962 年 3 月 21 日至 8 月：墨西哥城发生辐射事故，4 人死亡。1964 年 7 月 23 日：Wood River Junction 临界事故。导致 1 人死亡
1964 年、1969 年：圣苏珊娜野外实验室，加利福尼亚州洛杉矶。部分崩溃。1965 年菲律宾海 A-4 坠毁，一架装有核武器的天鹰攻击机坠入海中。飞行员、飞机和 B43 核弹从未被找回。直到 1980 年代，五角大楼才披露了这枚百万吨炸弹的损失。1965 年 10 月：美国中央情报局领导的探险队放弃了 Nanda Devi 的核动力遥测中继监听设备
1966 年 1 月 17 日：1966 年 Palomares B-52 坠毁事件发生，当时美国空军的一架 B-52G 轰炸机在西班牙海岸附近进行空中加油时与一架 KC-135 加油机相撞。KC-135 的燃料负载着火时被完全摧毁，四名机组人员全部遇难。B-52G 解体，机上 7 名机组人员中有 3 人丧生。在 B-28G 携带的四枚 Mk52 型氢弹中，有三枚是在西班牙阿尔梅里亚附近的陆地上发现的。其中两枚武器中的非核爆炸物在与地面撞击时引爆，导致 2 平方公里（490 英亩）（0.78 平方英里）的区域受到放射性钚的污染。第四枚落入地中海，经过长达 21⁄2 个月的搜索后完好无损地被找到。1968 年 1 月 21 日：1968 年图勒空军基地 B-52 坠机事故涉及一架美国空军 （USAF） B-52 轰炸机。这架飞机携带了四枚氢弹，当时机舱起火迫使机组人员弃机。六名机组人员安全弹射，但一名没有弹射座椅的机组人员在试图逃生时丧生。轰炸机坠毁在格陵兰岛的海冰上，导致核有效载荷破裂并分散，从而导致广泛的放射性污染。1968 年 5 月：苏联潜艇 K-27 反应堆接近熔毁。9 人死亡，83 人受伤。1968 年 8 月：苏联核弹道导弹潜艇开发项目 667A 项目。核动力洋基级潜艇 K-140 在北德文斯克的海军造船厂进行维修。8 月 27 日，在对容器进行升级工作后，反应堆的功率不受控制地增加。当控制棒升至较高位置时，其中一个反应器自动启动。功率增加到正常量的 18 倍，而反应器中的压力和温度水平增加到正常量的 4 倍。反应器的自动启动是由于控制棒电缆安装不正确和作员错误引起的。船上的辐射水平恶化。1968 年 12 月 10 日：前苏联马亚克。临界事故。将钚溶液倒入具有危险几何形状的圆柱形容器中。一人死亡，另一人服用了高剂量的放射和放射病，之后他失去了两条腿，右臂被截肢。1969 年 1 月：瑞士的卢森斯反应堆发生部分堆芯熔毁，导致洞穴受到大规模放射性污染。1970 年代
1974-1976 年：哥伦布放射治疗事故，钴 60 源造成 10 人死亡，88 人受伤。1978 年 7 月：Anatoli Bugorski 正在研究苏联最大的粒子加速器 U-70，当时他不小心将头部直接暴露在质子束下。尽管遭受了一些长期伤害，但他还是活了下来。1979 年 7 月：美国新墨西哥州 Church Rock 铀厂泄漏，当时联合核电公司的铀厂尾矿处理池决堤。超过 1,000 吨放射性工厂废料和数百万加仑的矿山污水流入 Puerco 河，污染物流向下游。1980 年代
1980 年至 1989 年：克拉马托尔斯克放射性事故发生在乌克兰苏维埃社会主义共和国克拉马托尔斯克。1989 年，在一栋公寓楼的混凝土墙内发现了一个含有高放射性铯 137 的小胶囊。该建筑的 6 名居民死于白血病，另有 18 名居民接受了不同剂量的辐射。只有在居民打电话给健康物理学家后，才发现事故。1980 年：休斯顿放疗事故，7 人死亡。1982 年 10 月 5 日：苏联阿塞拜疆巴库失去辐射源。5 人死亡，13 人受伤。1984 年 3 月：摩洛哥发生辐射事故，8 人因过度暴露于丢失的铱 192 源的辐射而死亡。1984:
当得知该工厂向大气中排放数百万磅的铀尘，对周边地区造成严重放射性污染时，Fernald 饲料原料生产中心声名狼藉。同年，39 岁的管道装配工员工戴夫·博克斯 （Dave Bocks） 在工厂的墓地轮班期间失踪，后来被报告失踪。最终，他的遗体在位于 6 号工厂的铀加工炉内被发现。Ciudad Juárez 钴 60 污染事件发生在一家私人医疗公司非法购买放射治疗装置后，该公司将其出售给一个垃圾场，然后进行冶炼以生产螺纹钢。这些疫苗在墨西哥和美国的多个城市分发和使用，估计有 4000 人受到辐射。1985 年至 1987 年：Therac-25 事故。一台放射治疗机参与了 6 起事故，其中患者暴露于大量过量的辐射。4 人死亡，2 人受伤。1985 年 8 月：苏联潜艇 K-431 事故。10 人死亡，另有 49 人遭受辐射伤害。1986 年 1 月 4 日：Sequoyah Fuels Corporation 的一个超载油箱破裂并释放出 14.5 吨六氟化铀气体 （UF6），导致一名工人死亡，其他 37 名工人住院，以及大约 100 名顺风者。1986 年 4 月 26 日：切尔诺贝利灾难：人为错误导致反应堆熔毁，两人死于碎片，28 人死于急性放射病。1986 年 10 月：苏联潜艇 K-219 反应堆几乎熔毁。谢尔盖·普雷米宁 （Sergei Preminin） 在手动降低控制杆并停止爆炸后死亡。三天后，潜艇沉没。1987 年 9 月：Goiania 事故。4 人死亡，在对超过 100,000 人进行放射学筛查后，确定 249 人因暴露于铯 137 而受到严重辐射污染。在清理行动中，不得不从几个地点清除表土，并拆除了几栋房屋。那些房子里的所有物品都被移走并检查了。《时代》杂志将这次事故确定为世界上“最严重的核灾难”之一，国际原子能机构称其为“世界上最严重的放射性事件之一”。1989 年：萨尔瓦多圣萨尔瓦多;一人因违反 Cobalt-60 辐照设施的安全规则而死亡。1990 年代
1990 年：以色列索雷克;一人因违反 Cobalt-60 辐照设施的安全规则而死亡。1990 年 12 月 16 日：萨拉戈萨发生放射治疗事故。11 人死亡，27 名其他患者受伤。1991 年：白俄罗斯 Neswizh;一人因违反 Cobalt-60 辐照设施的安全规则而死亡。1992 年：中国吉林;Cobalt-60 辐照设施造成 3 人死亡。1992 年：美国;一人死亡。1993 年 4 月：托木斯克 7 后处理综合体发生事故，当时一个储罐在用硝酸清洗时爆炸。爆炸释放出一团放射性气体。（INES 4 级）。1994 年：爱沙尼亚塔米库;一例死于废弃的铯 137 来源。1996 年 8 月至 12 月：哥斯达黎加发生放射治疗事故。13 名死亡和 114 名其他患者接受了过量的辐射。1996 年：南非 Pelindaba 研究机构发生事故，导致工人受到辐射。哈罗德·丹尼尔斯 （Harold Daniels） 和其他几人死于与暴露相关的癌症和辐射烧伤。1997 年 6 月：俄罗斯萨罗夫;一人因违反安全规则而死亡。1998 年 5 月：Acerinox 事故是西班牙南部发生的一起放射性污染事件。铯 137 源设法通过 Acerinox 废金属后处理厂的监测设备。当铯 137 熔化时，会释放出放射性云。1999 年 9 月：东海村核电站事故（日本）临界事故造成两人死亡
2000 年代
2000 年 1 月至 2 月：北榄府辐射事故：当一台钴 60 放射治疗装置被拆除时，北榄府造成 3 人死亡和 10 人受伤。2000 年 5 月：遇见埃及的 Halfa;两人因 X 光照相事故死亡。2000 年 8 月至 2001 年 3 月：巴拿马国家肿瘤研究所，17 人死亡。接受前列腺癌和宫颈癌治疗的患者接受致死剂量的辐射。2004 年 8 月 9 日：美滨核电站事故，4 人死亡。热水和蒸汽从破损的管道中泄漏（实际上不是辐射事故）。2005 年 5 月 9 日：宣布英国塞拉菲尔德的热氧化物后处理厂发生高放射性溶液泄漏到二级安全壳中。2010 年代
2010 年 4 月：印度 Mayapuri 放射性事故，钴 60 研究辐照器被出售给废金属经销商并拆除后，造成一人死亡。2011 年 3 月：福岛 I 核事故、日本和福岛第一核电站的放射性排放。2014 年 1 月 17 日：在纳米比亚的 Rössing 铀矿，浸出池的灾难性结构故障导致重大泄漏。总部位于法国的实验室 CRIIRAD 报告称，该矿周围地区的放射性物质含量升高。工人们没有被告知使用放射性材料的危险及其对健康的影响。2014 年 2 月 1 日：位于美国新墨西哥州卡尔斯巴德以东约 26 英里（42 公里）的废物隔离试验厂 （WIPP） 场地设计寿命一万年，首次发生空气放射性物质泄漏。当时在地下工作的 140 名员工被安置在室内。其中 13 人的内部放射性污染检测呈阳性，这增加了他们未来患癌症或健康问题的风险。该工厂的第二次泄漏发生在第一次泄漏之后不久，释放出钚和其他放射性毒素，引起了附近社区的担忧。桶破裂的根源可追溯到洛斯阿拉莫斯国家实验室的 WCRRF 包装设施使用有机猫砂，桶在那里被包装并准备运输。2019 年 8 月 8 日：俄罗斯北德文斯克附近 Nyonoksa 的国家中央海军试验场发生 Nyonoksa 辐射事故。全球核武器试验摘要
1945 年 7 月 16 日至 1992 年 9 月 23 日期间，美国维持了一项严格的核武器试验计划，但在 1958 年 11 月至 1961 年 9 月期间暂停了核武器试验。根据官方统计，共进行了 1,054 次核试验和两次核攻击，其中 100 多次发生在太平洋的地点，其中 900 多次发生在内华达试验场，10 次发生在美国的其他地点（阿拉斯加、科罗拉多州、密西西比州和新墨西哥州）。直到 1962 年 11 月，美国的绝大多数试验都是在大气层（即地上）进行的;在接受《部分禁止核试验条约》后，所有试验都受到地下监管，以防止核尘埃的扩散。美国的大气层核试验计划使许多人口暴露在尘埃的危害中。估计暴露者的确切数字和确切后果在医学上非常困难，除了 1954 年布拉沃城堡事件中马绍尔群岛居民和日本渔民的高暴露率。许多美国公民群体——特别是内华达试验场下风城市的农民和居民，以及参加各种试验的美国军人——已经提起诉讼，要求赔偿和承认他们的暴露情况，其中许多人成功了。1990 年《辐射暴露补偿法》的通过允许系统地提交与测试以及核武器设施中使用的补偿要求有关的索赔。截至 2009 年 6 月，已支付超过 14 亿美元的赔偿金，其中超过 6.6 亿美元流向了“顺风公司”。贩卖和盗窃
关于故意或企图盗窃放射性物质，参见涉及放射性物质的犯罪 § 故意盗窃或企图盗窃放射性物质。国际原子能机构表示，“非法贩运核材料和其他放射性材料、盗窃、丢失和其他未经授权的活动存在持续存在的问题”。原子能机构非法核贩运数据库记录了过去 12 年中 99 个国家报告的 1,266 起事件，其中包括 18 起涉及高浓铀或钚贩运的事件：

安全专家肖恩·格雷戈里 （Shaun Gregory） 在一篇文章中指出，恐怖分子最近已经三次袭击了巴基斯坦的核设施;2007 年两次，2008 年一次。2007 年 11 月，意图不明的窃贼潜入了南非比勒陀利亚附近的 Pelindaba 核研究设施。窃贼在没有获得该设施中的任何铀的情况下逃跑了。2006 年 2 月，俄罗斯的 Oleg Khinsagov 和三名格鲁吉亚同伙在格鲁吉亚被捕，他们携带了 79.5 克富含 89% 的高浓铀。2006 年 11 月，亚历山大·利特维年科 （Alexander Litvinenko） 用放射性钋中毒事件“代表着一个不祥的里程碑：核恐怖主义时代的开始，”安德鲁·帕特森 （Andrew J. Patterson） 说。事故类别
核熔毁/核心损伤
核熔毁是一种严重的核反应堆事故，会因过热而导致反应堆堆芯严重损坏。它被定义为核反应堆堆芯的意外熔化，指的是堆芯的完全或部分崩溃。当核反应堆产生的热量超过冷却系统带走的热量，以至于至少有一个核燃料元件超过其熔点时，就会发生堆芯熔化事故。这与不是由高温引起的燃料元件故障不同。熔毁可能是由冷却剂损失、冷却剂压力损失或冷却剂流速低引起的，也可能是由于反应器在超过其设计限制的功率水平下运行时临界度偏移的结果。或者，外部火灾可能会危及堆芯，导致熔毁。型芯损坏事故是一种不太严重的事故，其中型芯没有熔化，而是在开始熔化之前被损坏并已保存下来。从更广泛的意义上讲，概率风险评估 （PRA） 的岩芯损伤包括所有岩心熔体。民用核电站的大规模核熔毁包括：

1979 年美国宾夕法尼亚州的三哩岛事故。1986 年苏联乌克兰切尔诺贝利核电站的切尔诺贝利灾难。2011 年 3 月日本地震和海啸后的福岛第一核灾难。其他堆芯熔毁或堆芯损坏发生在：

NRX（军事），加拿大安大略省，1952 年
硼砂-I（实验性），美国爱达荷州，1954 年
EBR-I，美国爱达荷州，1955 年
1957 年，英格兰塞拉菲尔德的 Windscale（军事）（见 Windscale 火灾）
钠反应器实验，圣苏珊娜现场实验室（民用），美国加利福尼亚州，1959 年
费米 1 号（民用），美国密歇根州，1966 年
1967 年，苏格兰 Chapelcross 核电站（民用）
1969 年，瑞士的卢森斯反应堆。1969 年，法国圣洛朗核电站（民用）
1977 年，捷克斯洛伐克 Jaslovské Bohunice 的 A1 工厂（民用）
1980 年，法国圣洛朗核电站（民用）
几艘苏联海军核潜艇已经熔化了核芯：K-19（1961 年）、K-11（1965 年）、K-27（1968 年）、K-140（1968 年）、K-222（1980 年）和 K-431（1985 年，临界事故）。同样的问题也发生在列宁破冰船上。严重事故
临界事故（有时也称为“偏移”或“功率偏移”）是指在裂变材料（如浓缩铀或钚）中意外发生核链式反应。切尔诺贝利事故并不被普遍认为是临界事故的一个例子，因为它发生在发电厂运行中的反应堆中。反应堆本应处于受控的临界状态，但失去了对链式反应的控制，它逃跑了。事故摧毁了反应堆，留下了一大片不适合居住的地理区域。在 Sarov 的一次较小规模的事故中，一名使用高浓缩铀的技术人员在准备涉及裂变材料球体的实验时受到照射。Sarov 事故很有趣，因为该系统在被阻止之前保持了许多天的关键状态，尽管它安全地位于一个有屏蔽的实验大厅中。这是一个有限范围事故的例子，其中只有少数人可能受到伤害，而没有发生放射性释放到环境中的情况。1999 年，东海村在生产浓缩铀燃料期间发生了一起临界事故，辐射（γ 和中子）的场外释放有限，放射性释放非常小。两名工人死亡，第三名永久性伤害，350 名公民受到辐射。2016 年，俄罗斯的 Afrikantov OKBM 关键测试设施报告了一起临界事故。衰变热
衰变热事故是指放射性衰变产生的热量造成伤害的地方。在大型核反应堆中，冷却剂损失事故可能会损坏堆芯：例如，在三里岛核电站，最近关闭的 （SCRAMed） 压水堆反应堆在没有冷却水的情况下放置了很长时间。结果，核燃料受损，堆芯部分熔化。去除衰变热是一个重大的反应器安全问题，尤其是在关闭后不久。未能去除衰变热可能会导致反应堆堆芯温度上升到危险水平，并导致核事故。散热通常通过几个冗余和不同的系统来实现，热量通常消散到具有大容量且不需要有功功率的“终极散热器”中，尽管这种方法通常在衰变热量减少到非常小的值后使用。三哩岛事故中放射性释放的主要原因是初级回路上的先导式安全阀卡在打开位置。这导致排入其中的溢流罐破裂，并将大量放射性冷却水释放到安全壳建筑中。在大多数情况下，核设施从场外电气系统获得电力。他们还有一个应急备用发电机网格，可在停电时提供电力。可能同时阻止场外供电和应急电源的事件称为“车站停电”。2011 年，地震和海啸导致日本福岛第一核电站断电（切断与外部电网的连接并摧毁备用柴油发电机）。衰变热无法去除，1、2 和 3 号机组的反应堆堆芯过热，核燃料熔化，安全壳被破坏。放射性物质从工厂释放到大气和海洋中。运输
运输事故会导致放射性释放，从而导致污染或屏蔽层损坏，从而导致直接照射。在 Cochabamba，有缺陷的 γ 射线照相装置作为货物用客车运输。伽马源在屏蔽层之外，它照射了一些公交车乘客。在英国，一个法庭案件显示，2002 年 3 月，一个放射治疗源从利兹运到塞拉菲尔德，但屏蔽有缺陷。屏蔽层的底部有一个缝隙。据信，没有人因逃逸的辐射而受到严重伤害。1966 年 1 月 17 日，一架 B-52G 和一架 KC-135 同温层油轮在西班牙帕洛马雷斯上空发生致命碰撞（参见 1966 年帕洛马雷斯 B-52 坠机）。该事故被命名为“断箭”，意思是涉及核武器的事故，不构成战争风险。设备故障
设备故障是一种可能的事故类型。2001 年，在波兰比亚韦斯托克，与用于治疗癌症的粒子加速器相关的电子设备出现故障。这导致至少一名患者过度暴露。虽然最初的故障是半导体二极管的简单故障，但它引发了一系列事件，导致了辐射损伤。事故的一个相关原因是控制软件故障，例如涉及 Therac-25 医疗放射治疗设备的情况：在新设计模型中消除硬件安全联锁暴露了控制软件中以前未检测到的错误，这可能导致患者在一组特定条件下接受大量过量用药。人为错误
一些重大核事故部分归因于作员或人为错误。在切尔诺贝利核电站，作员偏离了测试程序，允许某些反应器参数超过设计限制。在 TMI-2，作员允许数千加仑的水从反应堆工厂中逸出，然后观察到冷却剂泵运行异常。因此，冷却剂泵被关闭以保护泵，这反过来又导致反应堆本身的破坏，因为冷却在堆芯内完全丢失。对 SL-1 的详细调查确定，一名作员（可能是无意的）手动将 84 磅（38 公斤）的中央控制杆拉出约 26 英寸，而不是维护程序的意图约 4 英寸。法国原子能委员会 （CEA） 进行的一项评估得出结论，再多的技术创新都无法消除与核电厂运行相关的人为错误风险。两种类型的错误被认为是最严重的：在现场作（例如维护和测试）期间犯下的可能导致事故的错误;以及在小事故中犯下的人为错误，这些错误会逐渐导致完全失败。1946 年，加拿大曼哈顿计划物理学家路易斯·斯洛廷 （Louis Slotin） 进行了一项被称为“挠痒痒的龙尾巴”的冒险实验，该实验涉及将两个半球的中子反射铍围绕着钚核聚集在一起，使其达到临界状态。与手术程序相反，半球仅用螺丝刀隔开。螺丝刀滑落并引发了连锁反应临界事故，房间充满了有害辐射和蓝光闪光（由激发的电离空气粒子恢复到未激发状态引起）。Slotin 反射性地分离了对热闪光和蓝光的反应半球，防止了房间里的几名同事的进一步照射。然而，斯洛廷吸收了致命剂量的辐射，并在 9 天后死亡。实验中使用的臭名昭著的钚质量被称为恶魔核心。丢失的源
放射源丢失事故，也称为孤立放射源，是指放射源丢失、被盗或废弃的事件。然后，源可能会对人类造成伤害。此类事件最著名的例子是 1987 年巴西的戈亚尼亚事故，当时放射治疗源被遗忘并遗弃在医院，后来被拾荒者偷走并打开。2000 年在泰国北榄府发生了一起类似的案件，当时过期的远程治疗装置的辐射源未经注册出售，并存放在一个无人看守的停车场，从那里被盗。其他案例发生在秘鲁的 Yanango 和 Gilan 的 X 射线源损坏了一名焊工。国际原子能机构 （International Atomic Energy Agency） 为废金属收集者提供了有关密封源可能是什么样子的指南。废金属行业是最有可能找到丢失来源的行业。专家认为，冷战期间损失了多达 50 枚核武器。比较
将民用核能的历史记录与其他形式的发电进行比较，Ball、Roberts 和 Simpson、原子能机构和保罗·谢勒研究所在单独的研究中发现，在 1970 年至 1992 年期间，全球只有 39 名核电厂工人在工作中死亡，而在同一时期， 1975 年，仅 1975 年，就有 6,400 名燃煤电厂工人在工作中死亡，1,200 名天然气发电厂工人和普通公众在职死亡，4,000 名普通民众死亡，仅板桥大坝溃坝导致 170,000-230,000 人死亡。作为其他常见的能源，燃煤发电厂估计每年导致 24,000 名美国人死于肺病，每年在美国造成 40,000 人心脏病发作。据《科学美国人》报道，燃煤发电厂平均每年排放的辐射量是相对规模的核电站的 100 倍，其辐射形式是被称为飞灰的有毒煤炭废料。在能源事故方面，水电站造成的死亡人数最多，但核电站事故在其经济成本方面排名第一，占所有财产损失的 41%。石油和水电紧随其后，各占 25% 左右，其次是天然气，占 9%，煤炭占 2%。除了切尔诺贝利和希曼坦大坝之外，其他三起最昂贵的事故涉及埃克森瓦尔迪兹漏油事故（阿拉斯加）、Prestige 漏油事故（西班牙）和三里岛核事故（宾夕法尼亚州）。核安全
核安全包括为防止核事故和辐射事故或限制其后果和对环境的破坏而采取的行动。这包括核电站以及所有其他核设施、核材料的运输以及用于医疗、电力、工业和军事用途的核材料的使用和储存。核电工业已经提高了反应堆的安全和性能，并提出了新的更安全（但通常未经测试）的反应堆设计，但不能保证反应堆的设计、建造和运行正确。错误确实会发生，日本福岛核电站的反应堆设计者没有预料到地震产生的海啸会使本应在地震后稳定反应堆的备用系统瘫痪。据瑞银集团称，福岛一号核事故让人怀疑，即使是像日本这样的发达经济体，也无法掌握核安全。涉及恐怖袭击的灾难性情景也是可以想象的。查尔斯·佩罗 （Charles Perrow） 在他的《正常事故》一书中说，意外故障是社会复杂且紧密耦合的核反应堆系统所固有的。核电站如果不发生一些重大事故，就无法运行。此类事故是不可避免的，无法设计。麻省理工学院的一个跨学科团队估计，鉴于 2005 年至 2055 年核电的预期增长，预计在此期间至少会发生四起严重的核事故。自 1970 年以来，世界上已经发生了 5 起严重事故（堆芯损坏）（1979 年在三哩岛发生一次，1986 年在切尔诺贝利发生一次，2011 年在福岛第一核电站发生 3 起），这与第二代反应堆的开始运行相对应。这导致全球平均每八年发生一起严重事故。当核反应堆开始老化时，它们需要更详尽的监测和预防性维护和测试，以确保安全运行并防止事故。然而，这些措施可能代价高昂，而且一些反应堆所有者没有遵循这些建议。由于这些原因，大多数现有的核基础设施都已经过时了。为了打击与老化核电站相关的事故，建造新的核动力堆并退役旧核电站可能是有利的。仅在美国，就有 50 多家初创公司正在努力为核电站创造创新设计，同时确保核电站更实惠、更具成本效益。生态影响
对土地的影响
在熔毁或相关事件期间释放的同位素通常会分散到大气中，然后通过自然发生和沉积沉积在地表。沉降在表层土壤上的同位素由于其缓慢的衰变（半衰期长）可以在那里保留很多年。对农业、养殖业和畜牧业的长期不利影响，可能会在实际事件发生后很长一段时间内影响人类健康和安全。2011 年福岛第一核电站事故后，周围的农业区被超过 100,000 MBq km−2 的铯浓度污染。因此，福岛东部的粮食生产受到严重限制。由于日本的地形和当地的天气模式，铯矿床和其他同位素存在于日本东部和东北部的土壤表层。幸运的是，山脉保护了日本西部。1986 年的切尔诺贝利灾难使乌克兰、白俄罗斯和俄罗斯约 125,000 英里（320,000 平方公里）的土地受到辐射。聚焦辐射量对植物繁殖造成了严重损害：大多数植物至少三年内无法繁殖。陆地上的许多此类事件可能是放射性同位素通过水系统分布的结果。对水的影响
福岛第一核电站事故
2013 年，在福岛第一核电站的一些受影响的涡轮机建筑之间发现了受污染的地下水，包括太平洋接壤海港的位置。在这两个地方，该设施通常会释放清洁水以注入进一步的地下水系统。管理和运营该设施的实体东京电力公司 （TEPCO） 进一步调查了被认为可以安全运营的区域的污染情况。他们发现，大量污染来自连接到设施内循环泵的地下电缆沟。国际原子能机构 （IAEA） 和 TEPCO 都证实，这种污染是 2011 年地震的结果。由于这样的破坏，福岛核电站将核材料排放到太平洋中，并一直持续这样做。经过 5 年的泄漏，污染物到达了太平洋的各个角落，从北美和澳大利亚到巴塔哥尼亚。2014 年 11 月，伍兹霍尔海洋研究所 （WHOI） 在同一海岸线上发现，在加利福尼亚州尤里卡海岸附近 100 英里（150 公里）处发现了微量的福岛污染。尽管辐射相对急剧增加，但污染水平仍然满足世界卫生组织 （WHO） 的清洁饮用水标准。2019 年，日本政府宣布正在考虑将福岛反应堆的污染水倾倒到太平洋的可能性。日本环境大臣原田义明报告说，东京电力公司已经收集了超过 100 万吨的污染水，到 2022 年，他们将没有空间来安全储存放射性水。多个私营机构以及各个北美政府监测辐射在整个太平洋地区的传播，以跟踪它可能给食品系统、地下水供应和生态系统带来的潜在危害。2014 年，美国食品和药物管理局 （FDA） 发布了一份报告，指出从福岛设施追踪到的放射性核素存在于美国食品供应中，但未达到被认为对公共卫生构成威胁的水平——以及从日本进口的任何食品和农产品。人们普遍认为，按照目前的放射性核素泄漏速度，扩散到水中将被证明是有益的，因为大多数同位素会被水稀释，并且由于放射性衰变，随着时间的推移会变得不那么放射性。铯 （Cs-137） 是福岛第一核电站释放的主要同位素。铯-137 的半衰期很长，这意味着它可能会产生长期的有害影响，但截至目前，福岛县外 200 公里处的铯-137 水平接近事故前的水平，几乎没有扩散到北美海岸。切尔诺贝利事故
从 1986 年的切尔诺贝利事件中可以看出证据。由于那里事故的暴力性质，由此产生的大气放射性污染的很大一部分由爆炸过程中分散的颗粒组成。其中许多污染物沉积在周边地区的地下水系统中，但也沉积在俄罗斯和白俄罗斯。地下水中产生的辐射对生态的影响可以在受环境后果序列影响的区域的各个方面看到。地下水系统携带的放射性核素导致植物吸收放射性物质，然后通过食物链进入动物，最终进入人类。暴露于辐射的最重要机制之一是通过受放射性地下水污染的农业。同样，30 公里禁区内居民最关心的问题之一是通过食用受地下水污染的农产品摄入 Cs-137。根据 1996 年的一项调查，由于禁区外的环境和土壤条件，记录的水平低于需要修复的水平。在这次事件中，放射性物质通过地下水跨境输送到邻国。在切尔诺贝利以北的白俄罗斯，大约 250,000 公顷以前可用的农田被国家官员持有，直到被认为安全为止。场外辐射风险可能以洪水的形式出现。由于切尔诺贝利反应堆靠近洪泛区，周边地区的许多公民被认为有暴露于辐射的风险。1996 年进行了一项研究，以了解整个东欧感受到放射性影响的程度。距离切尔诺贝利事故现场 250 公里的俄罗斯 Kojanovskoe 湖被发现是受影响最严重的湖泊之一。 从湖中收集的鱼被发现比欧盟标准的放射性高 60 倍。进一步调查发现，为湖泊供水的水源为大约 900 万乌克兰人提供了饮用水，并为另外 2300 万人提供了农业灌溉和食物。律师、学者和记者将这场灾难描述为生态灭绝的一个例子。在切尔诺贝利核电站的损坏反应堆周围建造了一个盖子。这有助于修复事故现场泄漏的放射性物质，但对保护当地免受 30 多年前散布在其土壤和水道中的放射性同位素的影响作用不大。部分由于已经废弃的城市地区，以及目前影响该国的国际关系，与最初的清理行动和最近的事故（如福岛事故）相比，补救工作已经最小化。在受事故影响的关键地点，可以找到现场实验室、监测井和气象站的监测作用。对人的影响
在哈萨克斯坦，苏联的一个核试验场见证了至少 450 枚原子弹的引爆。值得注意的是，Koyan 的居民表现出对普遍辐射的身体适应能力，在家庭环境中表现出复原力，并在室外经历过疾病。他们的适应是显而易见的，从返回高岩后疾病的缓解中可以看出，挑战了与放射性暴露相关的受害者的普遍观念。尽管依赖有毒食物来源，但居民已经成功地适应了他们的环境。Koyan 经常面临火灾的威胁，2010 年的一次事件就是一个例子，当时草原草被点燃，危及村庄。然而，政府的应对措施可以从更一致的措施中受益，例如动员由当地村民组成的消防队到 Polygon 灭火。Stawkowski 的主要主张围绕着“慢暴力”的概念展开，将拍摄对象描绘成坚韧不拔的人，尽管许多家庭不可避免地会生病，但他们还是设法过上了长寿。虽然历史背景可能会引导西方人仔细审视苏联时代的政治和科学研究，但居民和邻近的村庄代表了持久的遗产。这种情况凸显了人类的生存和适应能力，强调了对过去行为负责的必要性。苏联核项目的保密性限制了研究人员获得释放的放射性同位素数据，这与美国同行不同，后者可以在环境中追踪它们。苏联研究人员面临限制，由于规定的义务，他们不得不追踪身体成分的哪怕是微小的变化。急性辐射暴露的影响
较低剂量辐射的影响
根据经验观察，电离辐射导致患癌症的可能性更高。因此，流行病学研究例如使用术语潜伏性癌症死亡人数 （LCF）。另请参阅
法国切尔诺贝利灾难的后果

引用
延伸阅读
外部链接

美国核事故 （lutins.org） 1950 年至今涉及美国核设施和船只的最全面的在线事件列表
美国核管理委员会 （NRC） 网站，具有搜索功能和电子公共阅览室
国际原子能机构网站，拥有广泛的在线图书馆
Plutopia: Nuclear Families, Atomic Cities, and the Great Soviet and American Plutonium Disasters
来自 Alsos 核问题数字图书馆的民用核事故注释书目",1294421920,https://en.wikipedia.org/w/index.php?title=Nuclear_and_radiation_accidents_and_incidents&oldid=1294421920,fe1fe755c5f3,0,5a8519c3a572
Disasters and Accidents,Disasters and Accidents,Disasters and Accidents,List of accidents and disasters by death toll,"这是按死亡人数划分的事故和灾难列表。它显示了与各种爆炸、结构性火灾、洪水灾害、煤矿灾害以及与不当的建筑、规划、施工、设计等相关的疏忽造成的其他重大事故相关的死亡人数。故意的灾难（例如军事或恐怖袭击）将被省略。
虽然所有列出的事故都立即造成了大量生命损失，但其中许多事件还导致了进一步的大范围死亡，这些事故通常是最初灾难的长期或挥之不去的影响的结果。在暴露于受污染的空气、有毒化学品或辐射的情况下，尤其是几年后由于肺损伤、癌症等原因。下表中的一些数字反映了与事故相关的即时和延迟死亡，而许多数字则没有。

工程
爆炸
工业
核和辐射
结构性倒塌
结构性火灾
娱乐
游乐园
人群粉碎
体育赛事
运输
航空
缆车
电梯
和平时期的海事
轨
路
空间
其他
烟雾
另请参阅
死亡人数名单
按死亡人数划分的自然灾害列表

== 参考资料 ==",1294385706,https://en.wikipedia.org/w/index.php?title=List_of_accidents_and_disasters_by_death_toll&oldid=1294385706,31da76134851,0,5212a6ac1558
Disasters and Accidents,Disasters and Accidents,Disasters and Accidents,Aviation accidents and incidents,"航空事故是指飞机运行期间导致严重伤害、死亡或重大破坏的事件。航空事故是指危及安全但不会升级为航空事故的任何运营事件。预防事故和事故是航空安全的首要目标。
有记录的最早的航空事故之一发生在 1785 年 5 月 10 日，当时一个热气球在爱尔兰奥法利郡的塔拉莫尔坠毁。由此产生的大火严重破坏了该镇，摧毁了 130 多座房屋。1908 年 9 月 17 日，一架莱特 A 型飞机在美国弗吉尼亚州迈尔堡坠毁，第一起涉及动力飞机的事故。飞行员和共同发明者奥维尔·赖特 （Orville Wright） 受伤，乘客信号兵中尉托马斯·塞尔弗里奇 （Thomas Selfridge） 遇难。

定义
根据《国际民用航空公约》附件 13，航空事故是指与飞机运行有关的事件，该事故发生在任何人打算登机时，直到所有此类人员下机为止，并且 （a） 有人受到致命或严重伤害， （b） 飞机遭受重大损坏或结构故障，或 （c） 飞机失踪或完全无法接近。 附件 13 将航空事故定义为与飞机运行相关的影响或可能影响运行安全的事件，而不是事故。
如果飞机损坏无法修复、丢失或完全无法接近，就会发生机体损失。

历史
1974 年 3 月 3 日，土耳其航空公司 346 航班坠毁造成 200 人或以上死亡，造成 381 人死亡。截至 2024 年 5 月，共发生了 33 起航空事故，造成 200 人或更多人死亡。

1958 年至 1968 年期间，航空业取得了巨大的发展。航空安全和事故调查程序的改进正在迅速推进。1963 年，民用航空委员会在当时的副主任 Bobbie R. Allen 的领导下，在俄克拉荷马城建立了国家飞机事故调查学校。
国际民航组织第三次事故调查司会议于 1965 年 1 月在加拿大蒙特利尔举行，为全世界的事故调查奠定了基础。 这些提案由美国代表团团长、民用航空委员会安全局局长 Bobbie R. Allen 提出。美国于 1965 年 12 月 1 日在白宫正式通过了这些提案。
从 1945 年到 2021 年，致命民航事故数量最多的 10 个国家是美国、俄罗斯、加拿大、巴西、哥伦比亚、英国、法国、印度尼西亚、墨西哥和印度。英国是欧洲空难数量最多的国家，在此期间共发生 110 起空难，印度尼西亚是亚洲最高的国家，有 104 起，其次是印度，有 95 起。
单架飞机上死亡人数最多的是 1985 年日本航空公司 123 号航班事故的 520 人死亡。单起航空事故中最大的生命损失是 1977 年特内里费岛机场灾难的 583 人死亡，其中两架波音 747 相撞。集体事件中总体上最大的生命损失是在 2001 年 9 月 11 日袭击中对飞机和被占用建筑物的协同恐怖破坏中造成 2,996 人死亡，作为袭击的一部分，第一架被劫持和坠毁的飞机，美国航空公司 11 号航班，仅此一人就造成了大约 1,700 人死亡。 使其成为历史上最致命的单一航空灾难。

9 月 11 日袭击
就飞机上人员伤亡和地面伤亡而言，最致命的航空相关灾难是 2001 年 9 月 11 日纽约市世贸中心的毁坏。当天早上，四架从东海岸机场飞往加利福尼亚的横贯大陆航班上的商用喷气式客机在起飞后被劫持。这四架被劫持的飞机随后在 19 名隶属于基地组织的伊斯兰恐怖分子对美国主要地标发动的四次有组织的自杀式袭击中坠毁。美国航空 11 号航班和联合航空 175 号航班都是从波士顿飞往洛杉矶的定期国内跨大陆航班，分别被五名男子劫持，被指派的飞行员劫机者控制了航班，然后被故意撞上世贸中心的北塔和南塔，在不到两个小时的时间内摧毁了两座建筑。世贸中心坠毁事故造成 2,753 人死亡。由于两架飞机共载有 157 名乘客，因此绝大多数死亡者是两座塔楼的乘客和应对灾难的应急人员。此外，美国航空公司 77 号航班坠毁在弗吉尼亚州阿灵顿县的五角大楼，造成 184 人死亡，对大楼西侧造成严重破坏和部分破坏。美国联合航空公司 93 号航班坠毁在宾夕法尼亚州萨默塞特县的一片田野上，当时乘客试图从劫机者手中夺回飞机的控制权，机上 40 名乘客和机组人员全部遇难。这使得 9 月 11 日袭击的伤亡总数达到 2,996 人（包括 19 名恐怖劫机者）。作为蓄意的恐怖主义行为，9/11 坠机事件没有被归类为事故，而是被归类为大规模杀戮。北约成员国将这些事件视为战争和恐怖主义行为。北约随后发起了反恐战争以回应袭击，最终导致策划了 9/11 袭击的基地组织领导人奥萨马·本·拉登 （Osama Bin Laden） 死亡。

特内里费岛灾难
1977 年 3 月 27 日的特内里费岛机场灾难仍然是客机乘客死亡人数最多的事故。一架荷航波音 747 在西班牙特内里费岛加那利岛的洛斯罗德奥斯机场试图起飞并与一架正在滑行的泛美 747 相撞，造成 583 人死亡。荷航飞机的 234 名乘客和 14 名机组人员全部遇难，泛美航空公司飞机的 396 名乘客和机组人员中有 335 人死亡。飞行员失误是主要原因;荷航机长误以为他已经获得了空中交通管制许可并开始起飞。其他促成因素是大加那利岛机场的恐怖事件，该事件导致许多航班改道到 Los Rodeos，这是一个小型机场，设备不足，无法处理如此大小的飞机、浓雾、糟糕的无线电措辞和管制员分心。荷航机组人员直到碰撞前才在跑道上看到泛美航空公司的飞机。这次事故对该行业产生了持久的影响，尤其是在通信领域。管制员和飞行员都越来越重视在空中交通管制 （ATC） 通信中使用标准化短语。“驾驶舱资源管理”也被纳入飞行机组培训。机长不再被认为是万无一失的，在飞机运营期间鼓励机组人员联合投入。

日本航空 123 号航班
1985 年 8 月 12 日，日本航空公司 123 号航班坠毁，是所有单机事故中死亡人数最多的事件：波音 747 飞机上有 520 人死亡。由于后压力舱壁维修不当，飞机经历了爆炸性减压，导致其大部分垂直稳定器被毁并切断所有液压管线，使 747 几乎无法控制。飞行员在机械故障后能够让飞机飞行 32 分钟，然后坠毁在一座山上。机上 15 名机组人员和 509 名乘客中的 505 人全部遇难。日本军方人员在直升机飞越撞击地点时错误地假设没有幸存者。救援行动被推迟到第二天早上。参与救援和分析行动的医疗服务提供者确定，几名乘客可能在撞击中幸存下来，如果救援行动没有延误，他们可能会在事故中幸存下来。四名乘客在事件中全部幸存下来，这意味着他们在出院时还活着。

死亡人数在 200 人或以上的其他车祸
安全
经过一百多年的实施，航空安全得到了显著改善。在现代，两家主要制造商仍然为民用市场生产重型客机：美国的波音公司和欧洲的空中客车公司。这两家制造商都非常重视航空安全设备的使用，现在航空安全设备本身就是一个价值数十亿美元的产业;安全是这些公司的一个关键卖点，因为他们认识到航空业糟糕的安全记录对公司的生存构成威胁。
商用飞机现在需要的一些主要安全装置是：

疏散滑梯，在紧急情况下帮助乘客快速离开飞机
先进的航空电子设备，结合计算机化的自动恢复和警报系统
具有更高耐用性和故障遏制机制的涡轮发动机
即使在失去动力和液压系统后也可以降低起落架
根据乘客距离计算，航空旅行是最安全的交通方式：提到的数字是航空业在引用航空安全统计数据时共享的数据。例如，BBC 的典型声明是：“英国航空公司的运营是任何地方最安全的航空公司之一。与所有其他每英里死亡人数相比，航空运输是最安全的——比汽车安全六倍，比铁路安全两倍。

然而，如果以运输的人均死亡人数来衡量，公共汽车是最安全的交通方式。每人的航空旅行死亡人数仅次于自行车和摩托车。保险业在计算航空旅行的保险费率时使用此统计数据。
每行驶 10 亿公里，火车的死亡率是航空旅行的 12 倍，汽车的死亡率是航空旅行的 62 倍。相比之下，每行驶 10 亿次，公交车是最安全的交通方式;使用这种措施，航空旅行的危险性是汽车运输的 3 倍，是乘坐公共汽车旅行的近 30 倍。
《大众力学》杂志 2007 年的一项研究发现，坐在飞机后部的乘客在坠机事故中幸存的可能性比坐在前排的乘客高 40%。文章引用了波音、FAA 和一个关于飞机安全的网站，所有这些网站都声称没有“最安全”的座位。该研究调查了 20 起车祸，没有考虑这些事故后的安全发展。然而，飞行数据记录器通常安装在飞机的尾翼（尾部）中，它更有可能在严重碰撞中幸存下来。
1983 年至 2000 年间，美国飞机失事者的存活率超过 95%。

全球航空遇险和安全系统
为了防止马来西亚航空公司 MH370 航班失踪等事件，已经发布了一项新标准，要求所有商用飞机每 15 分钟向空中交通管制员报告一次其位置，无论其来源国如何。该法规由 ICAO 于 2016 年推出，对安装任何新飞机设备没有初始要求。该标准是全球航空遇险和安全系统 （GADSS） 长期计划的一部分，该计划将要求新飞机配备与空中交通管制员持续联系的数据广播系统。GADSS 类似于用于海上安全的全球海事遇险和安全系统 （GMDSS）。

航空安全报告系统
航空安全报告系统 （ASRS） 收集飞行员、管制员和其他人自愿提交的航空安全事件/情况报告。ASRS 使用报告来识别系统缺陷，发出警报消息，并生成两个发布，即 CALLBACK 和 ASRS Directline。收集到的信息向公众开放，并供 FAA、NASA 和其他从事研究和飞行安全工作的组织使用。

统计学
飞机事故局档案 （B3A）
飞机事故档案局 （B3A），前身为飞机失事记录办公室 （ACRO），是一家总部位于瑞士日内瓦的非政府组织，负责编制能够搭载 6 名以上乘客的飞机（不包括直升机、气球和战斗机）的航空事故统计数据。ACRO 只考虑飞机遭受严重损坏以至于停止服务的坠机事件，与其他一些数据相比，这将进一步减少事故和死亡人数的统计数据。自 1970 年以来，航空事故造成的死亡总数为 83,772 人。事件总数为 11,164 起。
根据 ACRO 的数据，近年来航空业的安全性要高得多，2009 年至 2017 年期间每年发生的事故不到 170 起，而最近的 1998 年事故多达 226 起。
在 2007 年至 2020 年的 14 年中，有 10 年每年的死亡人数少于 1,000 人，2017 年的死亡人数是自二战结束以来最低的一年，为 399 人。
2014 年包括 MH370 航班在印度洋上空失踪以及 MH17 航班被击落，这是顿巴斯战争的一部分。2014 年的死亡总数比 2013 年增加了 869 人。
根据 ACRO 和飞机事故档案局的数据，截至 2019 年 1 月 1 日，每年全球死亡和事故人数：

（自 2015 年 11 月对死亡率和崩溃率网页进行重大升级以来，数据发生了重大变化。这可能反映了静态和动态网页之间的变化，其中数据是根据其存档中的事件自动更新的。

年度航空安全审查 （EASA）
根据欧洲议会和理事会 2008 年 2 月 20 日第 216/2008 号法规 （EC） 第 15（4） 条，欧洲航空安全局 （EASA） 的任务是对航空安全进行年度审查。
年度安全审查提供了有关欧洲和全球民用航空安全的统计数据。统计数据根据运营类型（例如商业航空运输）和飞机类别（例如飞机、直升机、滑翔机等）进行分组。
该机构可以访问国际民用航空组织 （ICAO） 收集的事故和统计信息。根据国际民航组织附件 13 关于飞机事故和事件调查，各国必须向国际民航组织报告最大认证起飞质量 （MTOM） 超过 2250 公斤的飞机的事故和严重事件信息。因此，本综述中的大多数统计数据都涉及高于此质量的飞机。除了国际民航组织的数据外，还向欧洲航空安全局成员国提出了获取轻型飞机事故数据的请求。此外，商业航空运输飞机的运行数据来自国际民航组织和 NLR 航空运输安全研究所。

调查
《芝加哥公约》附件 13 提供了国际标准和推荐做法，这些标准和推荐措施构成了签署国进行航空事故和事件调查以及报告和预防措施的基础。 国际民用航空组织 （ICAO） 特别关注预防事故，而不是确定责任。

澳大利亚
在澳大利亚，澳大利亚运输安全局是负责调查与运输相关的事故和事件的联邦政府机构，涵盖航空、海运和铁路旅行。前身是基础设施、交通、区域发展和地方政府部的一个机构，2010 年，为了保持其独立性，它成为一个独立的机构。

巴西
在巴西，航空事故调查和预防中心 （CENIPA） 在巴西空军 （FAB） 的军事组织航空事故调查和预防中心的主持下成立。该组织负责飞机事故预防活动，以及民用和军用航空事件的调查。 CENIPA 成立于 1971 年，按照国际标准，代表了一种新的理念：进行调查的唯一目的是促进“预防航空事故”。

加拿大
在加拿大，加拿大运输安全委员会 （TSB） 是一个独立机构，负责通过调查和报告加拿大所有普遍运输方式（海运、空运、铁路和管道）的事故和事故事件来促进运输安全。

中国
在中国，中国民用航空局 （CAAC） 全权负责从正式的 CAAC 航空公司分离出来后的所有国内航空调查和安全。

埃塞俄比亚
在埃塞俄比亚，埃塞俄比亚民航局 （ECAA） 的民航事故预防和调查局是运输和通信部的一个机构，负责在埃塞俄比亚进行飞机事故调查或涉及埃塞俄比亚飞机的飞机事故调查。

法国
在法国，负责民用空难调查的机构是民用航空安全局 （BEA） 的 Bureau d'Enquêtes et d'Analyses pour la Sécurité de l'Aviation Civile （BEA）。其目的是确定事故的情况和原因，并为将来避免事故提出建议。

德国
在德国，调查空难的机构是联邦飞机事故调查局 （BFU）。它是德国联邦交通和数字基础设施部的一个机构。BFU 的重点是通过确定事故和严重事故的原因并提出安全建议以防止再次发生来提高安全性。

香港
航空意外调查局 （AAIA） 负责调查在香港以及其他地区涉及香港注册飞机的民航意外。它由事故总督察 Darren Straker 领导，总部设在香港国际机场。AAIA 成立于 2018 年，旨在响应国际民航组织 （ICAO） 的一项指令，该指令指示成员国维持独立于民航当局和相关实体的航空事故调查机构。在2018年之前，事故调查职责由民航部门的飞行标准和适航部门以及事故调查部门承担。

印度
直到 2012 年 5 月 30 日，民航总局调查了涉及飞机的事件。从那时起，飞机事故调查局接管了调查职责。

印度尼西亚
在印度尼西亚，国家运输安全委员会 （NTSC;印度尼西亚语：Komite Nasional Keselamatan Transportasi，KNKT）负责调查事件和事故，包括航空事故。其目标是改善印度尼西亚的运输安全，而不仅仅是航空。

意大利
Agenzia Nazionale per la Sicurezza del Volo （ANSV） 于 1999 年在意大利创建，其主要任务是：对民用航空器事故和事件进行技术调查，同时酌情发布安全建议;以及开展旨在提高飞行安全性的研究和调查。该组织还负责建立和维护“自愿报告系统”。 虽然不受基础设施和交通部的监督，但 ANSV 是一个公共机构，受意大利部长会议主席团的监督。

日本
日本运输安全委员会负责调查航空事故和事故。飞机事故调查委员会调查日本的航空事故和事件，直到 2001 年 10 月 1 日，飞机和铁路事故调查委员会 （ARAIC） 取代了它，ARAIC 一直履行这一职能，直到 2008 年 10 月 1 日并入 JTSB。

马来西亚
马来西亚航空事故调查局 （AAIB） 成立于 2016 年，是飞机事故/事件的主要调查机构。独立于马来西亚民航局 （CAAM） 和马来西亚航空委员会 （MAVCOM），后者分别是监督航空经济的国家航空局和委员会。AAIB 在布城的交通部总部及其位于国防部研究机构 STRIDE 的黑匣子实验室运作。AAIB Malaysia 由文职人员和借调的马来西亚皇家空军高级军官和一组来自马来西亚航空技术研究所的池调查员组成

墨西哥
在墨西哥，民航总局 （DGAC） 负责调查航空事故。

荷兰
在荷兰，荷兰安全委员会 （Onderzoeksraad voor Veiligheid） 负责调查事件和事故，包括航空事故。其目标是提高荷兰的安全性。它的主要关注点是平民依赖政府、公司或组织来保证其安全的情况。委员会只调查事件或事故的发生时间，并旨在从这些调查的结果中吸取教训。安全委员会的判断是客观、公正和独立的。董事会将始终对所有相关方持批评态度。

新西兰
在新西兰，运输事故调查委员会 （TAIC） 负责调查航空事故。“正如其法案所规定的，委员会的目的是确定航空、铁路和海上事故和事件的情况和原因，以避免将来发生类似事件，而不是将责任归咎于任何人。”TAIC 根据 ICAO 附件 13 和新西兰的具体立法进行调查。

波兰
在波兰，国家飞机事故调查委员会（波兰语：Państwowa Komisja Badania Wypadków Lotniczych，PKBWL）负责调查该国发生的所有民用航空事故和事件。该委员会总部位于华沙，是基础设施部的一个部门。截至 2022 年 11 月，PKBWL 的负责人是 Bogusław Trela。

俄罗斯
在俄罗斯，国家航空委员会（IAC，MAK）是监督独立国家联合体民用航空使用和管理的执行机构。该组织在州际航空委员会的航空事故调查委员会的保护下调查前苏联地区的航空事故。正在积极讨论解散该委员会，2020 年，亚美尼亚和俄罗斯签署了一项联合协议，成立了调查航空事故和严重事件国际局（俄语：Международное бюро по расследованию авиационных происшествий и серьезных инцидентов），旨在取代委员会并充当航空事件调查的上层机构，以及 隶属于欧亚联盟。新机构的职责是根据国际民航组织文件的要求调查严重事故和事件，确保事故的独立调查、各方在调查飞机事故方面的合作和互动、制定和使用调查飞机事故的通用规则和程序。

台湾
在台湾，台湾运输安全委员会 （TTSB） 是负责重大运输事故调查的独立政府机构。TTSB 的前身是 ASC，成立于 1998 年。TTSB 由行政院管理，独立于民航局。TTSB 由五到七名董事会成员组成，包括一名主席和一名副主席，由总理任命。TTSB 的常务董事负责管理组织的日常职能，包括事故调查。

英国
在英国，负责调查民用空难的机构是交通部的航空事故调查处 （AAIB）。其目的是确定事故的情况和原因，并为将来避免事故提出建议。

美国
美国民用航空事故由美国国家运输安全委员会 （NTSB） 调查。NTSB 官员从坠机现场收集证据，以确定可能的原因。NTSB 还与当地调查机构合作，调查涉及美国注册飞机的海外事件，特别是当发生重大美国人生命损失或涉事飞机是美国制造的飞机时。

委内瑞拉
在委内瑞拉，负责调查航空事故的组织是水上和航空运输部，更具体地说是航空事故预防和调查总局。

停用航班号
出于对死者和伤者的尊重，航空公司通常会报废与致命坠机相关的航班号。例如，在马来西亚航空公司 17 号航班被击落后，航班号更改为 MH19。日本航空公司在东京湾发生致命飞机坠毁后停止使用航班号 350。复兴航空在 2015 年发生飞机失事，造成 15 名幸存者后，停用了 235 号航班，并将其更改为 2353。然而，情况并非总是如此。例如，即使在中国南方航空公司在 1997 年发生致命事故并且一个月后联邦快递飞机在降落时坠毁后，中国南方航空公司和联邦快递快递仍分别继续使用航班号 3456 和 14。同样，即使在 2024 年日本航空公司航班发生碰撞后，日本航空公司和新加坡航空公司仍分别继续使用 516 和 321 号航班，而新加坡航空公司的航班在几个月后遇到严重湍流并造成一人死亡。

另请参阅
笔记
引用
书目
延伸阅读
全球商用喷气式飞机事故运营统计摘要 |1959 – 2017 年 （PDF）。航空安全 |波音商用飞机。2018. 2015 年 4 月 12 日从原始内容存档 （PDF）。
空中客车工业公司。商业航空事故，1958-2014 年：统计分析。Blagnac Cedex，法国：空中客车公司，2015 年 13 页。
博尔多尼，安东尼奥。Airlife 的飞机事故登记册：自 1951 年以来民事事故的事实、统计和分析。什鲁斯伯里：Airlife，1997 年 ISBN 1853109029 401p。
S A Cullen MD FRCPath FRAeS.“Injuries in Fatal Aircraft Accidents Archive at the Wayback Machine”（存档）。北大西洋公约组织。

外部链接

航空安全网络成立于 1996 年。ASN 安全数据库包含自 1921 年以来超过 15800 起客机、军用和公务机事故/事件的描述。
飞机事故档案局成立于 2000 年。B3A 包含自 1918 年以来超过 22,000 起客机、军用和公务机事故的描述。
美国国家运输安全委员会航空事故概要 – 按月
航空统计 通用航空事故的统计和地理空间分析。
航空事故应用程序 在您的移动设备上访问 NTSB 航空事故数据库和来自世界各地的最终报告
航空事故地图 探索展示飞机坠毁地点的交互式地图",1293905628,https://en.wikipedia.org/w/index.php?title=Aviation_accidents_and_incidents&oldid=1293905628,0713eeed1bea,0,c27ace74e556
Disasters and Accidents,Disasters and Accidents,Disasters and Accidents,List of maritime disasters,"海上灾害列表是按世纪划分的海上灾害的链接页面。
有关按死亡人数划分的和平时期灾害的统一列表，请参阅按死亡人数划分的事故和灾害列表 § 和平时期海事。

18 世纪前
和平时期的灾难
所有船舶都容易受到天气条件、错误设计或人为错误等问题的影响。以下一些灾难发生在冲突期间，尽管其损失与任何军事行动无关。表格列表按伤亡人数的降序排列。

战时灾难
武装冲突期间可能会发生造成重大人员伤亡的灾难。下面显示的是一些已知的重大损失事件。

18 世纪
19 世纪
20 世纪
第一次世界大战
第二次世界大战
21 世纪
另请参阅
沉船
沉船列表
灾难列表
按死亡人数划分的事故和灾害列表
按潜艇沉没船只死亡人数列出
滚装船事故清单
空难列表

== 参考资料 ==",1277236784,https://en.wikipedia.org/w/index.php?title=List_of_maritime_disasters&oldid=1277236784,1e974df486a9,0,079be4744fb3
Disasters and Accidents,Disasters and Accidents,Disasters and Accidents,Railway accident,"火车事故或火车失事是一种涉及一列或多列火车的灾难。火车失事通常是由于沟通不畅而发生的，例如当一辆行驶中的火车与同一轨道上的另一辆火车相遇时，当火车的车轮离开轨道或发生锅炉爆炸时。火车事故经常在流行媒体和民间传说中被广泛报道。在美国，两列火车之间的迎面相撞俗俗称为“玉米田相遇”。
铁路事故的因果分类对于研究铁路（和其他）事故有助于防止将来发生类似事故，是一种有价值的帮助。 经过 150 多年的系统调查，铁路取得了出色的安全记录（例如，与公路运输相比）。路德维希·冯·施托克特 （Ludwig von Stockert） （1913） 提出了按事故的影响（后果）对事故进行分类;例如，正面碰撞、追尾碰撞、脱轨。Schneider 和 Mase （1968） 提出了一种按原因分类的附加分类;例如驾驶员错误、信号员错误、机械故障。 在以前的书中，例如 Rolt （1956） 也暗示了类似的分类，但 Stockert 和 Schneider/Mase 的分类更加系统和完整。 稍作更改，它们就代表了最好的知识。

按影响对铁路事故进行分类
碰撞
与火车相撞：
正面碰撞
追尾碰撞
倾斜碰撞
与缓冲区停靠点的碰撞（轨道越限）
与轨道上的障碍物相撞（也可能导致脱轨）
与山体滑坡碰撞（在岩屑中）
脱轨
按位置：
平原轨道
曲线
结
其他

火灾、爆炸和危险化学品的释放（包括破坏/恐怖主义）
人们从火车上坠落，与铁轨上的人相撞
在火车上袭击、射击或轰炸。

按原因分类铁路事故
驱动程序的错误
在危险中传递信号
超速
发动机作不当（例如锅炉爆炸）
未检查制动器和安全系统以及沙子储备
未能在要求的位置停车，例如设备有缺陷的平交道口或导致轨道占用的调车运动。

信号员的错误
允许两列火车进入同一占用区段
信号、积分或令牌设备的错误作

机车车辆的（机械）故障
糟糕的设计
维护不善
未被发现的损坏
超载或货物没有得到充分保障。
燃烧电机、电缆或设备、泄漏的燃料或冷却油引发的火灾

土木工程故障
跟踪（永久路径）故障
桥梁和隧道坍塌
轨道或路口布局不佳

他人的行为
其他铁路人员（调车员、搬运工、维修人员等）
非铁路人员
偶然
意外的轨道阻塞，例如道路车辆或工作中的工程车辆
故意（故意破坏、恐怖主义、自杀、敲诈勒索、破坏）。人们可以打破、放置东西、故意将开关设置为碰撞路线、破坏轨道，这被称为铁路破坏。
故意阻碍轨道，例如道路车辆或（重型）物体
故意损坏轨道、道岔或信号等基础设施
平交道口误用
非法 侵入
攻击
骚乱

自然原因
跟踪山体滑坡、雪崩、洪水、树木造成的阻碍或损坏
雾或雪会遮挡信号或火车的当前位置
潮湿的树叶（或它们的残骸）使足迹变得湿滑。

促成因素
机车车辆强度
火车内、涉事道路车辆内或附近地区有火警危险或危险品
制动器的有效性
规则不足

火车残骸画廊
另请参阅
铁路事故清单
按死亡人数划分的事故和灾害列表
桥梁灾难
平交道口碰撞
逃亡者
在危险中传递信号
电车事故
错误侧故障
德克萨斯州 Crush 的车祸，作为宣传噱头进行的故意火车失事
铁路事故死亡人数

引用
书目
Ludwig von Stockert （1913），Eisenbahnunfalle（《铁路事故——对铁路运营技术的贡献》）。 莱比锡 1913 年。
施耐德，沃尔夫冈;阿曼德·马斯 （1968）。Katastrophen auf Schienen.1979 年由 E.L. Dellow 翻译成德文，英文译为 Railway Accidents of Great Britain and Europe。Orell Fussli Verlag （德语）， David and Charles （英语）。SBN 7153 4791 8.
罗尔特，LTC（1956 年）。红色代表危险。博德利·海德 / 大卫和查尔斯 / 泛书。提供后续版本。

延伸阅读
奥尔德里奇，马克。Death Rode the Rails： American Railroad Accidents and Safety， 1828–1965 （2006） 摘录
恩肖，艾伦（2008 年 1 月）。“麻烦中的火车 - 早年”。霍恩比杂志。第 7 名。赫舍姆：伊恩·艾伦出版社。第 114-117 页。国际标准书号 1753-2469。OCLC 226087101。
沃恩，阿德里安。阻塞危险：1890-1986 年英国重大铁路事故（国际汽车图书，1989 年）。在线

外部链接

BBC 新闻：世界上最严重的铁路灾难
信号员 （1874）。信号箱里传来的声音：或者，铁路事故及其原因。伦敦：Longmans， Green， & Co.",1293094729,https://en.wikipedia.org/w/index.php?title=Railway_accident&oldid=1293094729,50ef22fad4d7,0,1e23c6081e7e
Disasters and Accidents,Disasters and Accidents,Disasters and Accidents,Mining accident,"采矿事故是指在开采矿物或金属的过程中发生的事故。每年有成千上万的矿工死于采矿事故，尤其是地下煤矿开采，尽管硬岩开采也会发生事故。 由于平坦的岩层、通常不称职的岩石、甲烷气体的存在和煤尘，煤炭开采被认为比硬岩开采危险得多。如今，大多数死亡发生在发展中国家和发达国家的农村地区，这些国家的安全措施没有得到充分实施。 矿难是指造成 5 人或 5 人以上死亡的事件。

原因
采矿事故可能由多种原因引起，包括有毒气体（如硫化氢或爆炸性天然气）泄漏，尤其是受火或甲烷、粉尘爆炸、矿场坍塌、采矿引起的地震、洪水，或采矿设备（如安全灯或电气设备）使用不当或出现故障造成的一般机械故障。在地下使用不当的炸药也会导致甲烷和煤尘爆炸。

历史上最严重的矿难
1942 年 4 月 26 日，在中国辽宁省本溪湖（本溪湖）煤矿中，发生了被认为是历史上最严重的矿难，煤尘爆炸造成 1,500 多人死亡。
这场灾难发生在现在现代中国境内的地区，但当时是日本在 1930 年代入侵和占领中国东北后建立的伪满洲国的一部分。该矿的日本管理人员强迫中国工人在恶劣的条件下进行采矿工作。灾难始于矿井的一场火灾。为了压制它，日本作员切断了通风井中的空气并封锁了矿井，以剥夺火焰的氧气。大多数工人在这些行动之前没有被疏散，他们被困在矿井的封闭区域内;他们因大火燃烧掉氧气并导致一氧化碳中毒而窒息而死。大火熄灭后，矿井重新开放，工人们需要 10 天的时间清除瓦砾并找到被困在矿井内的人的尸体。
死者包括 1,518 名中国人和 31 名日本人。大多数尸体后来被埋在万人坑中。战争和苏联解放中国后，对这场灾难进行了调查。苏联报告得出结论，大多数死亡不是由最初的火灾直接造成的，而是日本人决定导致的一氧化碳中毒和窒息的结果。

按年份划分的事故
这是一份不完整的清单，列出了已造成至少 10 人死亡的著名采矿事故和灾难：

19 世纪
20 世纪
1902 年 5 月 19 日：田纳西州弗拉特维尔的弗雷特维尔矿难造成 216 名矿工死亡
1904 年 1 月 25 日：宾夕法尼亚州哈里克的哈里克矿难造成 179 名矿工和两名救援人员死亡
1904 年 4 月 28 日：塞维利亚 Villanueva del Río 有 63 人被杀;这是西班牙有记录以来最严重的矿难。
1904 年 10 月 28 日;科罗拉多州特尔西奥 （Tercio） 的煤尘爆炸造成 19 名矿工死亡。
1905 年 2 月 20 日弗吉尼亚城矿井爆炸（阿拉巴马州），112 人死亡。
1906 年 3 月 10 日：法国 Courrières 的 Courrières 矿难。1,099 名工人在欧洲历史上最严重的矿难中丧生。
1907 年 12 月 1 日：宾夕法尼亚州费耶特市的 Naomi 矿井爆炸。34 名工人死亡。
1907 年 12 月 4 日，内华达州伊利市吉鲁采矿事故。2 人死亡;3 人被困。
1907 年 12 月 6 日：西弗吉尼亚州莫农加的莫农加矿难。官方死亡人数为 362 人，但由于记录不充分，真实死亡人数可能在 500 人左右。受害者大多是意大利移民工人，包括儿童。这场灾难被广泛认为是美国历史上最严重的煤矿事故。
1907 年 12 月 16 日：阿拉巴马州伯明翰附近的 Yolande 矿井爆炸。57 人死亡。
1907 年 12 月 19 日：宾夕法尼亚州罗斯特拉弗镇的达尔矿难。239 名工人死亡，包括儿童。
1908 年 8 月 18 日：英格兰大曼彻斯特艾布拉姆的五月柱煤矿灾难。75 名男子和男孩死亡。
1908 年 11 月 28 日：宾夕法尼亚州玛丽安娜附近的玛丽安娜地雷爆炸。154 人阵亡，一名幸存者。
1909 年 11 月 13 日：伊利诺伊州切里市樱桃矿灾难。259 名工人，其中一些年仅 11 岁，在这场矿火中丧生，这是美国所有矿火中死亡人数最多的一次。
1910 年 12 月 21 日：兰开夏郡 Westhoughton 的比勒陀利亚矿坑灾难，344 名男子和男孩在这次爆炸中丧生，这是英格兰单日最严重的矿难。
1911 年 1 月 20 日：俄属波兰索斯诺维茨有 40 名煤矿工人死亡。
4 月 8 日。1911 年，阿拉巴马州利特尔顿附近的班纳矿灾难。在被杀害的 128 人中，大多数是租借的黑人罪犯。
1911 年 8 月 24 日，内华达州伊利市吉鲁采矿事故，7 人死亡，2 人受伤
1911 年 12 月 9 日：田纳西州布赖斯维尔的十字山矿难造成 84 名矿工死亡
1913 年 10 月 14 日：Senghenydd 煤矿灾难，英国最严重的采矿事故;威尔士有 439 名工人死亡。
1913 年 10 月 22 日：道森雄鹿佳能 2 号矿难，新墨西哥州道森附近，263 名工人因非法使用炸药而丧生。
1914 年 4 月 28 日：埃克尔斯矿难是西弗吉尼亚州埃克尔斯的煤层爆炸。爆炸夺走了至少 180 名男子和男孩的生命
1917 年 6 月 8 日：蒙大拿州比尤特的投机者矿难。一根正在放入矿井的电缆在地表以下 2,500 英尺处意外点燃。大火迅速爬上电缆并点燃了矿井的木井。竖井变成了烟囱，消除了矿井的主要氧气来源。168 人死亡中，几乎所有人都是由于一氧化碳中毒引起的窒息。这是美国历史上最致命的地下硬岩开采灾难。
1918 年 1 月 12 日，英格兰斯塔福德郡的米妮皮特灾难是一场煤矿事故，造成 155 名男子和男孩死亡（144 人死于一氧化碳中毒，11 人死于暴力，外加一氧化碳中毒）。这场灾难是由火灾引起的爆炸引起的，是北斯塔福德郡煤田有史以来最严重的一次。官方调查从未确定导致矿坑内易燃气体点燃的原因。
1923 年 2 月 8 日，道森雄鹿佳能 #1 地雷爆炸造成 123 人死亡;许多人是在 1913 年同一矿井爆炸中丧生的男性的后代。当一辆矿车脱轨时，它引起了火花并点燃了煤尘，从而引起了爆炸。
1925 年 2 月 20 日，美国印第安纳州沙利文县城市矿难。 这个煤矿发生爆炸，造成 51 人死亡。
1926 年 11 月 3 日，美国密歇根州伊什佩明附近的巴恩斯-赫克矿难。 采场坍塌使水和流沙在 15 分钟内填满了大部分矿井，51 名矿工溺水身亡。
1927-1932 年：美国西弗吉尼亚州高利桥附近的鹰巢隧道灾难。几年来，有 476 名工人死于矽肺病。
1934 年 1 月 3 日：捷克斯洛伐克 Osek u Duchcova 的纳尔逊 III 号煤矿，积聚的煤尘爆炸。142 名矿工死亡，其中包括一名女性。1934 年 6 月，积聚的气体敲掉了坑上方的砖石盖，又造成两名工人死亡——受害者人数因此上升到 144 人。
1934 年 4 月 21 日：1934 年 Kakanj 矿难。南斯拉夫王国 Kakanj 的 Kakanj 煤矿发生爆炸，造成 127 名矿工死亡。
1937 年 7 月 2 日，Holditch（也称为 Brymbo）煤矿灾难是英格兰斯塔福德郡切斯特顿的一起煤矿事故，造成 30 人死亡，8 人受伤。它是由于火灾和随后的爆炸引起的。由于管理层选择试图挽救煤层，并在延迟疏散的同时冒着矿工的生命危险，死亡人数加剧。
1937 年 11 月 11 日：根据日本政府官方证实的报告，一场长期的暴雨连续，大久志硫磺矿发生巨大山体滑坡，随后日本群马县嬬恋发生山体滑坡和冶炼厂火灾，造成 245 人死亡，32 人受伤。
1938 年 5 月 10 日：英格兰德比郡斯塔夫利附近的万锦 1 号煤矿发生爆炸。79 名工人死亡，40 人重伤。
1940 年 7 月 15 日：宾夕法尼亚州波蒂奇附近的桑曼爆炸。 63 名工人死亡。
1942 年 4 月 26 日：中国辽宁省本溪市本溪湖煤矿事故。1,549 名工人在世界上最严重的煤矿事故中丧生。当时，在第二次世界大战期间，该地区被日本占领，该矿由日本管理人员控制。绝大多数死者是中国强迫劳动者。
1945 年 6 月 19 日：1945 年智利 El Teniente 的 El Teniente 矿难。355 名工人死亡，另有 747 人受伤。
1946 年 2 月 20 日：德国鲁尔区 Bergkamen 的 Monopol Grimberg III/IV 灾难。405 人死亡。
1947 年 3 月 25 日：伊利诺伊州 Centralia 矿井发生煤尘爆炸，造成 111 名矿工死亡。
1949 年 7 月 14 日：María Luisa 矿坑（西班牙阿斯图里亚斯朗格雷奥）发生火灾爆炸，造成 17 名矿工和 4 名骡子死亡。
1950 年 9 月 7 日：诺克辛诺赫矿难：苏格兰艾尔郡：液态泥炭和苔藓淹没了矿井，将 100 多人困在地下。他们花了几天时间才找到被困男子，其中 13 人死亡。
1951 年 12 月 21 日：伊利诺伊州西法兰克福的 Orient 2 煤矿爆炸。119 名工人死亡。
1954 年 12 月 10 日：Newton Chikli 煤矿事故，印度钦德瓦拉 （M.P.）。矿井的洪水是由于同一矿井的旧矿井涌水造成的。矿井被淹时，矿井内有 112 人。49 人设法通过斜坡逃脱;其余 63 人被困并溺水身亡。
1956 年 8 月 8 日：比利时 Marcinelle 的 Bois du Cazier 灾难。矿井火灾导致 262 人死亡;那天早上在 Bois du Cazier 工作的 274 人中，只有 12 人幸存下来。其中 138 名受害者是意大利移民工人。
1958 年 10 月 28 日：西弗吉尼亚州克雷格斯维尔的 Oglebay-Norton 矿 14 人死亡。
1959 年 1 月 22 日：宾夕法尼亚州卢塞恩县格里菲斯港 River Slope 矿的诺克斯矿难 – 工程上方河床的洪水造成 12 名矿工死亡
1960 年 1 月 21 日：南非 Coalbrook 矿难，437 人死亡。
1960 年 5 月 9 日：老白洞煤矿煤尘爆炸，中国大同，682 人死亡。
1961 年 7 月 7 日：捷克斯洛伐克 Dolní Suchá 的 Dukla 煤矿，火灾和一氧化碳中毒导致 108 名矿工死亡。
1962 年 11 月 5 日：挪威斯瓦尔巴群岛新奥勒松的国王湾 21 名矿工在爆炸中丧生。
1963 年 11 月 9 日：三井三池煤矿事故 三井三池，日本福冈大牟田;458 人死亡。
1965 年 3 月 28 日：一个铜矿的几个尾矿坝在地震中溃决，释放出水和炉渣，摧毁了智利瓦尔帕莱索地区的 El Cobre 镇;350-400 名矿工和居民死亡。
1965 年 5 月 17 日：南威尔士的 Cambrian 煤矿;31 人死亡。
1965 年 5 月 28 日：印度贾坎德邦发生丹巴德煤矿灾难，造成 300 多名矿工死亡。
1965 年 6 月 7 日：1965 年 Kakanj 矿难。128名矿工在南斯拉夫共和国波斯尼亚和黑塞哥维那的Kakanj煤矿爆炸中丧生。
1966 年 10 月 21 日：阿伯凡灾难是一场灾难性的煤矿弃土坍塌，在威尔士的阿伯凡村引发雪崩，吞没了潘格拉斯小学，造成 116 名儿童和 28 名成人死亡。
1968 年 11 月 20 日：西弗吉尼亚州法明顿的法明顿矿难。78 名工人死亡。由于这场灾难，美国国会通过了 1969 年的《联邦煤矿健康与安全法案》。
1970 年 12 月 30 日：肯塔基州海顿的飓风溪矿难。39 名矿工因不安全的采矿条件而死亡。发生在 1969 年《联邦煤矿健康与安全法案》通过整整一年后。
1972 年 6 月 6 日：Wankie 煤矿灾难 Wankie，罗德西亚/津巴布韦，426 人死亡。
1973 年 3 月 21 日：英格兰西约克郡 Lofthouse 煤矿事故，7 人死亡。
1973 年 7 月 30 日：英格兰德比郡斯塔夫利附近的万锦煤矿灾难。18 名工人死亡，11 人重伤，原因是矿井底部的下降笼未能减速。
1974 年 12 月 27 日：法国列万附近的一座煤矿发生爆炸和火灾，造成 41 人死亡，另有 6 人受伤，这是法国自二战以来最严重的矿难。
1975 年 12 月 27 日：印度贾坎德邦丹巴德的 Chasnala 矿难，372 名矿工死亡，另有 130 名合同工据称在相邻矿井的墙壁倒塌后阵风中死亡。
1981 年 10 月 16 日：北海道由张附近国丹夕张矿业公司拥有的煤矿发生甲烷爆炸，造成 93 人死亡，其中包括 10 名救援人员。
1981 年 12 月 8 日：田纳西州惠特韦尔附近的 21 号地雷爆炸。13 名煤矿工人因爆炸而死亡。
1984 年 1 月 18 日：三池煤矿 福冈县大牟田附近三井矿业公司拥有的矿井发生火灾，造成 83 人死亡，另有 13 人受伤。
1985 年 7 月 19 日：Val di Stava 大坝坍塌发生在意大利 Tesero 附近的 Stava 村，当时两个尾矿坝坍塌，这些尾矿坝用于沉淀附近 Prestavel 矿的泥浆。它导致了意大利最严重的灾难之一，造成 268 人死亡，摧毁了 63 座建筑物，并摧毁了 8 座桥梁。
1986 年 9 月 16 日，金罗斯矿难。在南非，一场地下火灾造成 177 人死亡。
1988 年 6 月 2 日，黑森州博尔肯的 Stolzenbach 矿难。一个褐煤矿被爆炸摧毁，57 人死亡。
1989 年 11 月 18 日：南斯拉夫共和国塞尔维亚 SR 的 Aleksinački Rudnik 矿场有 90 名矿工丧生。
1990 年 8 月 26 日：Dobrnja-Jug 矿难。180 名矿工在南斯拉夫 SR 波斯尼亚和黑塞哥维那的 Tuzla 附近的 Mramor 煤矿丧生。
1992 年 5 月 9 日：新斯科舍省皮克图县的 Westray 矿。 26 人在甲烷和煤尘爆炸中丧生。
1993 年 5 月 9 日：厄瓜多尔 Nambija 的 Nambija 矿难。大约 300 人在山体滑坡中丧生
1993 年 5 月 13 日：南非 Secunda 镇附近的 Middelbult 煤矿。53 人在地下甲烷爆炸中丧生。
1994 年 8 月 28 日：印度乌代布尔达里巴的 Rajpura Dariba 矿 VRM 灾难：该事件是由于开采的 VRM 地下采矿硬岩站的泥浆泛滥而发生的，该矿井的胶结填充物无法沉降，其塞子失效。 这种浆料积聚在堵塞的竖井中，无法承受负载，随后失效。所有材料都掉进了竖井中，导致 63 名在下面工作的人溺水身亡。
1994 年 2 月 22 日：Merriespruit 尾矿坝灾难，尾矿坝溃坝，造成 17 人死亡。
1995 年 5 月 10 日：南非瓦尔礁矿难;一辆机车从电梯井上掉下来，落在笼子上，造成 104 人死亡。
1996 年 3 月 24 日：菲律宾马林杜克岛省发生 Marcopper 矿难。矿山尾矿坑破裂导致有毒废物淹没 Makulapnit-Boac 河，导致 Barangay Hinapulan 的 400 个家庭流离失所。饮用水污染导致鱼和虾死亡，大型动物死亡。庄稼、灌溉渠道和博阿克河被毁。一年后，第 7942 号共和国法案颁布，也称为“1995 年菲律宾矿业法”。
1995 年 8 月 31 日：San Nicolás Pit（西班牙阿斯图里亚斯阿布拉尼亚）发生火灾爆炸，造成 14 名矿工死亡。

21 世纪
2000 年 1 月 30 日：罗马尼亚 Baia Mare 发生氰化物泄漏事件。这起事故被称为自切尔诺贝利以来欧洲最严重的环境灾难，是 Aurul 矿业公司在水库决堤时释放了 100,000 吨受氰化物污染的水，将其水排入萨姆什河、蒂萨河和多瑙河。虽然没有人员死亡报告，但泄漏导致一些受影响河流高达 80% 的水生生物死亡。
2000 年 10 月 11 日：2000 年，马丁县煤浆泄漏发生在午夜后，当时肯塔基州马丁县 Massey Energy 公司拥有的煤浆蓄水池的底部闯入了下面的一个废弃地下矿井。泥浆从矿井口流出，估计有 3.06 亿美国加仑（116 万立方米;11.6 亿升）的泥浆流向 Tug Fork 河的两条支流。到了早晨，狼溪渗出黑色的废物;在 Coldwater Fork，一条 10 英尺宽（3.0 m）的溪流变成了 100 码（91 m）宽的厚泥浆。
2001 年 9 月 23 日：布鲁克伍德矿难 下午 5 点 15 分左右，在阿拉巴马州布鲁克伍德的 Jim Walter Resources 5 号煤矿，塌方导致甲烷气体释放，引发两次重大爆炸，造成 13 名矿工死亡。
2002 年 1 月 23 日：La Espuela 煤矿灾难 灾难是由竖井洪水引起的。由于无法逃跑，13 名矿工溺水身亡。
2006 年 2 月 19 日：Pasta de Conchos 事故。65 名矿工在墨西哥科阿韦拉州 Nueva Rosita 附近的采矿事故中丧生。只找到了 2 具尸体。
2007 年 8 月 6 日：Crandall Canyon 矿坍塌。6 名矿工和 3 名救援人员在随后因矿山设计不当导致坍塌后丧生。
2009 年 5 月至 6 月：2009 年 Harmony 金矿死亡 - 至少 82 名矿工死于吸入矿井封闭区域火灾产生的有毒气体，非官方矿工在那里非法作业。
2010 年 4 月 5 日：西弗吉尼亚州 Upper Big Branch 矿难。Massey Energy 的 Upper Big Branch 煤炭发生爆炸。现场 31 名矿工中有 29 人丧生。
2010 年 5 月 8 日：俄罗斯克麦罗沃州 Raspadskaya 矿爆炸。 据信是由甲烷积聚引起的爆炸。 已确认有 66 人死亡，至少 99 人受伤，多达 24 人下落不明。
2010 年 8 月 5 日：2010 年智利阿塔卡马沙漠 Copiapó 矿难。拥有 121 年历史的 San José 铜金矿于 14：05 CLT 发生结构性坍塌。这座拥有两座帝国大厦体量的山心坍塌，对矿山造成了灾难性的破坏。它封锁了被困在 2,300 英尺（700 米）处的 33 名矿工的所有可能的逃生路线。69 天后，所有 33 名矿工都获救。
2010 年 11 月 19 日：新西兰派克河矿难。下午 3 点 45 分，煤矿爆炸。29 名地下人员立即或随后不久死于爆炸或有毒气体。石堆中的两名男子，离矿井有一段距离，设法逃脱了。（摘自皇家调查委员会关于派克河的报告。
2013 年 10 月 28 日：在西班牙莱昂、卡斯蒂利亚和莱昂的 Emilio del Valle 矿井中，六名矿工在近 700 米深处工作，造成 6 名矿工死亡。
2014 年 5 月 13 日：土耳其索马发生索马矿难。据报道，该事故是土耳其有史以来最严重的采矿事故，也是 21 世纪迄今为止最严重的采矿事故。301 人死亡。
2019 年 1 月 6 日：2019 年阿富汗 Kohistan 矿坍塌。事故造成至少 30 名金矿工人死亡。
2020 年 7 月 2 日：2020 年缅甸帕敢地区帕敢玉石矿灾难发生山体滑坡，造成至少 174 人死亡。
2020 年 12 月 1 日：中国重庆刨水洞矿难一氧化碳泄漏造成至少 18 人死亡。
2021 年 11 月 25 日：俄罗斯克麦罗沃州 Listvyazhnaya 矿难。 通风井起火产生的烟雾导致 40 多名矿工窒息而死。
2022 年 5 月 30 日：哥伦比亚 La Mestiza 煤矿发生爆炸，造成至少 12 人死亡。
 2022 年 8 月 3 日：墨西哥科阿韦拉州萨比纳斯的 El Pinabete 煤矿发生洪水后，10 人失踪。
2022 年 10 月 14 日：2022 年土耳其巴廷矿井爆炸造成 41 人死亡。
2023 年 5 月 18 日：南非韦尔科姆 （Welkom） 的一个非法开采的废弃矿井造成至少 31 名矿工死亡。
2023 年 10 月 28 日：哈萨克斯坦卡拉干达地区 Kostenko 矿难造成 46 人死亡。
2025 年 3 月 31 日：阿斯图里亚斯 Degaña 的 Cerredo 矿发生爆炸，造成至少 5 人死亡，4 人受伤。

按国家/地区划分的事故
澳大利亚
1882 年 12 月，22 名矿工在维多利亚州克雷斯威克的澳大利亚 2 号深铅金矿中溺水身亡。由于矿井经理的勘测错误，当矿工们在挖掘一条新车道时，离废弃和被洪水淹没的澳大拉西亚 1 号矿井太近，矿井被洪水猛烈淹没。5 名矿工幸存下来，并被困在地下 50 小时后获救。这场灾难是澳大利亚历史上金矿灾难造成的死亡人数最高的一次，导致 63 名儿童失去父亲，18 名寡妇丧生。
1887 年 3 月 23 日的布利矿难涉及矿井中的气体爆炸，造成 81 名男性和男孩死亡，50 名女性寡妇和 150 名儿童失去父亲。
1902 年 7 月 31 日的肯布拉山矿难是一场爆炸，导致 96 名矿工死亡，其中包括两名从事救援工作的人。它仍然是澳大利亚历史上最严重的矿难。
1921 年 9 月 19 日，Mount Mulligan 矿发生煤尘爆炸，造成 75 或 76 名工人死亡。
塔斯马尼亚州的 Beaconsfield 矿坍塌发生在 2006 年 4 月 25 日。当时在矿井中的 17 人中，有 14 人在坍塌后立即逃脱，一人死亡，其余两人在五天后被发现还活着。幸存者被困在一个 1.5 米 x 1.2 米的樱桃采摘笼中，这使他们免于被岩石压碎。由于救援人员爆破不安全，因此请来了一台特殊的钻孔机来钻一个逃生井。他们在地下 14 天后终于于 5 月 9 日获释。
在 20 年的时间里，莫拉发生了 3 次矿难。其中第一次是在 1975 年的 Kianga 矿，13 人在地下爆炸中丧生。矿井被封锁，没有找到他们的尸体。1986 年发生了第二场灾难，即地下爆炸，夺走了 12 名矿工的生命。所有这些人的尸体都被找回了。1994 年 8 月 7 日，在莫拉发生了第三次重大采矿事故，莫拉 2 号矿发生爆炸。大约一天半后，该矿发生了第二次爆炸，救援尝试被放弃，矿井被封闭，11 名矿工的尸体未被找到。
在 1996 年纽卡斯尔附近的格雷特利煤矿灾难中，四名男子的采矿机闯入 80 多年前废弃的旧煤矿被淹没的矿井，造成四人死亡。
1999 年，在新南威尔士州帕克斯镇外的北帕克斯矿发生爆炸事件，四名矿工丧生。
2024 年 3 月 14 日，维多利亚州巴拉瑞特金矿的一座矿井坍塌，导致一名男子死亡，另一名男子情况危急。当坍塌发生在下午 4 点 50 分时，两人一直在无支撑地面下的禁止区域“空中绑腿”。其他 29 名矿工躲进了一个安全舱，后来被带到了安全地带。在工作安全调查进行期间，不得再暂时使用空气绑带技术。澳大利亚工会组织者罗斯·肯纳 （Ross Kenna） 表示，该矿的地质条件不适合该技术。

比利时
1887 年 3 月 4 日，由于甲烷爆炸，120 名矿工在博里纳日的 La Boule 的一座煤矿中丧生。
1956 年 8 月 8 日上午，Marcinelle 的 Bois du Cazier 矿场发生火灾，造成 262 人死亡，只有 12 名幸存者。电梯轿厢上的一辆矿车撞上了油管和电线，由此产生的大火困住了矿工。大多数受害者是移民（136 名意大利人、8 名波兰人、6 名希腊人、5 名德国人、5 名法国人、3 名匈牙利人、1 名英国人、1 名荷兰人、1 名俄罗斯人和 1 名乌克兰人）。

波斯尼亚和黑塞哥维那
2014 年 9 月 4 日，泽尼察发生里氏 3.5 级地震，导致“Raspotočje”煤矿发生岩爆，34 名矿工仍被困在矿井内。后来报道称，有 5 名矿工在事故中丧生。

加拿大
1887 年，不列颠哥伦比亚省纳奈莫的纳奈莫矿井爆炸导致 1 号滨海大道矿的 150 名矿工丧生。炸药放置不当引发了整个矿井的大规模爆炸。大多数矿工当场死亡，只有 7 人幸存下来。在遇难的 150 名工人中，有 53 人是中国人，他们的名字大多不为人知。
Hillcrest 矿难是加拿大历史上最严重的煤矿灾难，于 1914 年发生在阿尔伯塔省。甲烷和煤尘燃料爆炸造成的死亡人数为 189 人;新闻报道因第一次世界大战而黯然失色。该矿一直使用到 1939 年。
1980 年 5 月 20 日，魁北克省 Val-d'Or 的一场矿难导致 68,000 吨碎石下的 8 人死亡，当时 150 米竖井的一部分坍塌;16 人通过爬过一个部分完工的通风井逃脱。该公司被指控过失杀人，但该公司不认罪。这不是该业务所有者的错，陪审团裁定 Belmoral Mines Ltd. 的所有指控均无罪。1981 年，歌手让-盖伊·高蒂尔 （Jean-Guy Gauthier） 录制并出版了一首关于这一事件的歌曲，名为 La tragédie de la Balmoral。
1992 年 9 月 18 日，在耶洛奈夫附近的 Giant Mine 劳资纠纷最激烈的时候，罢工工人“Roger Warren”放置的炸弹引发爆炸，导致 9 名通过运输隧道的男子死亡。
新斯科舍省长达 65 年的煤矿事故统称为 Springhill 矿难，煤尘爆炸共造成至少 138 名男子和男孩死亡。1992 年的 Westray 矿难在最近开业的采矿作业中发生甲烷/煤尘爆炸，夺走了 26 名矿工的生命。在这些事件之后，这两个矿场随后都被永久关闭。
2006 年 5 月 17 日，在退役的 Sullivan 矿的事故中，有 4 人因窒息而死亡。

中非共和国
2013 年 6 月，暴雨引发了 Ndassima 一座金矿的坍塌，造成 37 名矿工死亡，多人受伤。

智利
1945 年 6 月，在一场火灾中，El Teniente 有 355 名工人因吸入一氧化碳而死亡，这被称为“Tragedia del Humo”（英语：The Smoke Tragedy）。
2006 年 1 月，Copiapó 的一个矿井发生爆炸，导致 70 名矿工被困在地下。矿工们在短时间内获救，但有两人死亡。
2010 年 8 月，33 名矿工被困在 Copiapó 的地下。两周后，他们与他们进行了沟通，但据说至少还需要四个月才能获救，尽管仍然可以提供基本服务。救援于 2010 年 10 月 12 日开始，所有 33 名矿工在第一次救援后的 22 小时内被救出。球队成功的消息在全国和该地区的大部分地区引发了庆祝活动。

中国
据一个消息来源称，2003 年，中国的煤炭开采死亡人数最多，约占世界总数的 80%，尽管它的煤炭产量仅占世界的 35%。在 2001 年 1 月至 2004 年 10 月期间，有 188 起事故死亡人数超过 10 人，大约每 7.4 天发生一起此类事故。2005 年孙家湾矿难造成至少 210 名矿工死亡，在那之后，国务院召开了一次会议，研究改善煤矿安全工作的措施。会议的声明指出，一些煤矿存在违反安全标准、生产过剩等严重问题。30 亿元人民币（3.6 亿美元）专门用于国有大型煤矿的安全生产技术改造，特别是天然气管理。政府还承诺向 45 个瓦斯问题严重的煤矿派出安全监管小组，并邀请煤矿安全专家评估煤矿安全情况并制定预防措施。
根据国家安全生产监督总局的数据，2006 年，有 4,749 名中国煤矿工人在数千次爆炸、洪水和其他事故中丧生。例如，2006 年 11 月 13 日南山煤矿的瓦斯爆炸造成 24 人死亡;该矿在没有任何安全许可证的情况下运营，新华社声称原因是炸药使用不当。然而，尽管产量增长了 8.1%，但 2006 年的产量比 20.1 年低了 8.1%。
《纽约时报》报道说，中国缺乏新闻自由、独立工会、公民监督团体和其他官方权力制衡，这使得掩盖矿难的可能性更大，即使在互联网时代也是如此。因此，中国官僚习惯性地隐瞒丑闻（如矿难、化学品泄漏、2003 年 SARS 疫情和受污染的奶粉），因为害怕被执政的中国共产党追究责任或暴露他们自己与相关公司的非法交易。在中国的威权体制下，上级奖励严格遵守当局制定的目标的下属，比如减少矿难。事实上，如果发生采矿事故，隐藏事故的动机往往比管理得当的回报更强烈，因为几乎可以肯定，任何灾难都被视为一种责任。
2009 年 11 月，黑龙江发生一起矿难，造成至少 104 人死亡。它被认为是由甲烷爆炸和煤尘爆炸引起的。与该矿业公司有关的三名高级官员被迅速解雇。
2012 年 8 月 30 日，四川省小家湾煤矿发生爆炸，造成 45 人死亡。几天后的 2012 年 9 月 3 日，江西省高坑煤矿有 14 名矿工丧生。
2013 年 3 月 29 日，西藏 Gyama 矿发生山体滑坡，造成 83 人被困。
2014 年 1 月 4 日，中国政府表示，2013 年有 1,049 人死亡，比 2012 年下降了 24%。
2023 年 2 月 22 日，中国记录了内蒙古地区阿拉善盟的一个矿坑坍塌导致 4 人死亡和 49 人失踪的案例。包括紧急事务管理部的一个小组在内的近 900 名救援人员被派去搜救人员。中国共产党总书记习近平下令“全力搜救”全体人民。

厄瓜多尔
1993 年 5 月 9 日，厄瓜多尔的 Nambija 矿难造成约 300 人死亡。
2010 年 10 月 15 日，在智利历史性地成功营救了 33 名被困在圣何塞矿井下近 10 周的矿工后不久，4 名工人在隧道坍塌后被困在厄瓜多尔的一座金矿中。到 10 月 20 日，所有人都被确认死亡。

法国
Courrières 矿难是欧洲有史以来最严重的矿坑矿难。1906 年 3 月 10 日，它导致法国北部 1,099 名矿工（包括许多儿童）死亡。这场灾难似乎仅次于 1942 年 4 月 26 日在中国发生的本溪湖煤矿事故，该事故造成 1,549 名矿工死亡。一场尘埃爆炸（原因尚不清楚）摧毁了 Compagnie des mines de houille de Courrières（成立于 1852 年）经营的一座煤矿，该煤矿位于朗斯以东约 2 公里（1 英里）的 Méricourt（404 人死亡）、Sallaumines（304 人死亡）、Billy-Montigny（114 人死亡）和 Noyelles-sous-Lens（102 人死亡）村之间， 在加来海峡省（巴黎以北约 220 公里或 140 英里）。
1906 年 3 月 10 日星期六早上 06：30 过后不久，听到了一场大爆炸。3 号竖井的电梯笼被抛出地面，损坏了矿坑口的运作;4 号竖井的地表窗户和屋顶被炸毁;2 号竖井的电梯笼里只有死亡和昏迷的矿工。

印度
Burra Dhemo 煤矿，1956 年 9 月 26 日
Central Bhowrah 煤矿 于 1958 年 2 月 20 日
Central Saunda 煤矿 于 1976 年 9 月 16 日
Central Saunda 煤矿 于 2005 年 6 月 15 日
Chasnalla 煤矿 于 1975 年 12 月 27 日
Damua 煤矿 于 1960 年 1 月 5 日
Gaslitand 煤矿于 1995 年 9 月 26 日或 27 日完成
Godavarkhani No. 7 LEP 于 2003 年 6 月 16 日
Hurriladih 煤矿 于 1983 年 9 月 14 日
Jotejanaki 煤矿于 1913 年 6 月 28 日建成
1935 年 1 月 16 日的 Loyabad 煤矿
Mahabir 煤矿 于 1989 年 11 月 13 日
Majri 煤矿 于 1953 年 8 月 5 日
Makerwal 煤矿 于 1942 年 7 月 6 日
Newton Chikli 煤矿 于 1954 年 12 月 10 日
Phularitand 煤矿于 1912 年 7 月 11 日建成
1994 年 8 月 28 日，Rajpura Dariba 矿 VRM 灾难
Silewara 煤矿 于 1975 年 11 月 18 日

日本
1900 年代至 1980 年代，日本发生了多次矿难，只引入了大规模的灾害。

北海道
新夕张煤矿事故，1914 年 11 月，423 人死亡。
北丹夕张，
1912 年 4 月事故，276 人死亡。
1912 年 12 月事故，216 人死亡。
1938 年 12 月事故，161 人死亡。
1981 年 10 月事故，93 人死亡。
南夕张煤矿事故，1985 年 5 月，62 人死亡。
碧白煤矿
1941 年 3 月事故，177 人死亡。
1944 年 5 月事故，109 人死亡。
本州
1927 年 3 月，内后煤矿发生火灾事故，福岛县磐城市 134 人死亡
1915 年 4 月东沟茹煤矿海水流入事故，山口县宇部 235 人死亡
1942 年 2 月，Chosei 煤矿发生沉没洞穴事故，宇部 183 人死亡。
九州
1914 年 12 月，福冈宫田市 Hōjō 煤矿爆炸，造成 687 人死亡。
福冈县糸田市的北国煤矿事故。
1899 年 6 月事故，213 人死亡。
1907 年 7 月事故，365 人死亡。
福冈县宫田市的小野浦煤矿事故。
1909 年 11 月事故，243 人死亡。
1918 年 12 月事故，376 人死亡。
1939 年 1 月事故，94 人死亡。
1965 年 6 月，福冈县真冈市山野煤矿事故，造成 237 人死亡。
1906 年 3 月高岛煤矿爆炸，长崎 307 人死亡
1963 年 11 月福冈三河煤矿事故，造成 458 人死亡。

荷兰
荷兰的 12 个矿山（其中 4 个为国有）被认为是世界上最安全的矿山之一，在 70 年的采矿过程中只发生了 3 起较大的事故：

1928 年 7 月 13 日，布伦萨姆 （Brunssum） 的国有矿井亨德里克 （Hendrik） 发生甲烷气体爆炸，造成 13 名矿工死亡。
1947 年 3 月 24 日，来自亨德里克国家统计局的 13 名矿工在传送带过热引起的火灾中丧生。
1958 年 3 月 3 日，Geleen 的 Staatsmijn Maurits 发生塌方，7 名矿工丧生。

新西兰
新西兰最著名的矿难是 1896 年的 Brunner 矿难，车内的 65 名矿工全部遇难。2010 年 11 月 19 日，Pike River 矿在 9 天内发生了 4 次爆炸;29 名矿工死亡，两人受轻伤逃脱。
1967 年 1 月 19 日，西海岸格雷茅斯附近的 Strongman 矿发生爆炸。19 人丧生。

尼日尔
2021 年马拉迪地区发生金矿坍塌，造成数十人死亡。

波兰
2006 年 11 月 25 日，波兰现代史上最严重的矿难发生了，23 名矿工在南部工业省份西里西亚 Ruda Śląska 镇的 Halemba 煤矿丧生。11 月 21 日，一场 1,030 米深的甲烷爆炸导致了这场悲剧。矿工们正试图从隧道中取回价值 1700 万欧元（$US 2200 万）的设备，当时爆炸导致竖井坍塌。由于甲烷浓度高得危险，这条隧道本应在 3 月份关闭，但由于留下的设备价值，它一直保持活跃。

俄罗斯
俄罗斯发生了几起重大采矿事故，尤其是 2007 年的乌里扬诺夫斯卡娅矿难，造成至少 106 名矿工死亡。2013 年 1 月 20 日，西西伯利亚库兹涅茨克盆地的一座煤矿发生事故，造成至少 4 名矿工死亡，另有 4 人失踪。2021 年 11 月，Listvyazhnaya 矿难发生在 Listvyazhnaya;许多人被困。

西班牙
西班牙的采矿历史留下了许多重大采矿事故，造成数百人死亡。大多数事故和伤亡发生在西班牙北部，尤其与煤矿开采有关，主要是由于建筑物倒塌和气体爆炸。然而，有记录以来最严重的事故于 1904 年 4 月 28 日发生在该国西南部塞维利亚的 Villanueva del Río，造成 63 人死亡，多人受伤。

南非
南非发生了多起重大采矿事故，包括以下事故：

1944 年 9 月 12 日，夸祖鲁纳塔尔省 Vryheid 附近的 Hlobane 煤矿有 57 人死亡
437 人死亡 1960 年 1 月 21 日，Coalbrook North 煤矿发生了 Coalbrook 矿难。Coalbrook North 煤矿是 Clydesdale （Transvaal） Collieries Limited 的地下煤矿之一，位于奥兰治自由邦省的 Sasolburg 附近
1986 年 9 月 16 日，177 人在普马兰加省埃文德的金罗斯金矿丧生。
1995 年 5 月 10 日，西北部奥克尼附近的瓦尔礁 2 号竖井有 104 人死亡。
1983 年 9 月 12 日，夸祖鲁纳塔尔省 Vryheid 附近的 Hlobane 煤矿有 64 人死亡
1993 年 5 月 13 日，Middelbult 煤矿有 53 人死亡。Middelbult 煤矿过去和现在都是 Sasol Mining 的地下煤矿之一，位于普马兰加省 Secunda 镇附近

台湾
台湾最严重的三起矿难都发生在 1984 年：

1984 年 6 月 20 日，在土城区海山煤矿，一辆失控的矿车撞上了高压变压器，引发了爆炸。72 名矿工死于一氧化碳中毒。
1984 年 7 月 10 日，瑞芳区眉山煤矿 103 名矿工因空压机室起火导致一氧化碳中毒而死亡。
1984 年 12 月 5 日，三峡区海山一号煤矿发生爆炸。93 名矿工死于一氧化碳中毒，只有一名幸存者在最初爆炸 93 小时后获救。

坦桑尼亚
1998 年 4 月，暴雨淹没了丹泉石矿井，至少有 56 名矿工丧生。2013 年 7 月，他们在 Mererani 采矿山上工作的丹泉石采石场坍塌，造成 5 人死亡。第六人被送往医院，情况危急。

土耳其
1983 年 3 月，Armutçuk 煤矿有 103 名矿工因甲烷气体爆炸而丧生。
1992 年 3 月，在 TCC Kozla 矿区，263 名矿工因火灾爆炸而丧生
2008 年，发生了另一场灾难，导致一人丧生。2013 年 11 月，300 名工人封锁了 Zonguldak 矿，以抗议工作条件。
2009 年 12 月，布尔萨省的甲烷气体爆炸导致 19 名矿工死亡。
2010 年，宗古尔达克省发生矿难，导致 30 名煤矿工人死亡。爆炸是由 Firedamp 爆炸引起的。这里以前也发生过矿难，1992 年的一次导致 270 名工人死亡。这是在 Soma 矿难之前最严重的矿难。
2014 年 5 月，在马尼萨的 Soma，发生了一起由爆炸引起的重大矿井坍塌。超过 302 名工人在坍塌中丧生，至少 80 名工人受伤。
2022 年 10 月，至少 41 人在 2022 年土耳其巴廷地雷爆炸中丧生。
近年来，土耳其煤矿开采业每生产百万吨煤炭发生的致命事故数量最高。 当使用“每百万吨煤炭产量的死亡人数”衡量标准时，在任何一天，土耳其煤矿工人在土耳其煤矿中死亡的可能性是美国煤矿工人在美国煤矿中死亡的可能性的 360 倍，死于土耳其煤矿松散的矿山安全标准的可能性甚至是中国煤矿工人的 5 倍。 其国家在每百万吨煤炭生产的安全相关死亡人数方面遥遥领先。

英国
英国
在英格兰，橡树爆炸仍然是最严重的采矿事故，1866 年 12 月 12 日至 13 日在约克郡巴恩斯利附近夺走了 388 人的生命，尽管在第一次也是主要的爆炸中只有 340 人死亡，比 Hulton 煤矿的爆炸要少，但随后的爆炸在夜间和第二天夺走了其他人的生命。
1910 年，兰开夏郡 Westhoughton 的 Hulton 煤矿爆炸夺走了 344 名矿工的生命。
1878 年，兰开夏郡海多克的 Wood Pit 发生爆炸，造成 200 多名工人死亡，尽管只有 189 人被列入“官方名单”。另一场导致许多矿工死亡的灾难是哈特利煤矿灾难，该灾难发生在 1862 年 1 月，当时抽水机的横梁突然断裂，掉进了为矿井服务的单井中。光束堵住了竖井，埋葬了数百名矿工。最终死亡人数为 204 人，其中大多数人因缺氧而窒息而死。
在康沃尔郡的金属矿中，一些最严重的事故是 1846 年的 East Wheal Rose，那里有 39 名工人被一场突如其来的洪水夺去生命;1919 年在黎凡特矿，31 人因载人发动机故障而丧生，多人受伤;1883 年，12 年在 Wheal Agar 因笼子从竖井中掉落而丧生，1893 年在 Dolcoath 矿场因大型隧道坍塌而造成 7 人死亡。

苏格兰
苏格兰最严重的矿难是 1877 年在拉纳克郡布兰太尔发生的布兰太尔矿难，造成 207 人死亡。1878 年和 1879 年该镇还发生了其他致命事件。
1950 年 9 月，艾尔郡的一个小采矿村 Knockshinnoch 发生了另一起严重事件。在紧张的几天里，救援人员勇敢地克服了一切困难，找到了被困在地下深处的 129 人，当时他们正在工作的一块田地塌陷，厚厚的液体泥炭淹没了矿井，切断了所有逃生途径。116 人获救，但 13 人死亡。1952 年，一部关于这场灾难的电影《勇敢的别哭》被拍成电影。
1959 年 9 月，穆迪斯本 （Moodiesburn） 在 Auchengeich 发生了 20 世纪最严重的苏格兰矿难，造成 47 人死亡。总数超过了 1923 年 9 月在福尔柯克雷丁 （Redding） 洪水中丧生的 40 人。

威尔士
在 1850 年至 1930 年期间，南威尔士煤田的灾难记录最严重。这是由于越来越多的矿井被沉入更深的含气地层中，再加上糟糕的安全和管理实践。因此，在此期间，煤田的格拉摩根和蒙茅斯郡地区发生了近 40 次地下爆炸。每起事故都导致 20 名或更多工人死亡 - 要么直接死于爆炸，要么死于形成的有毒气体窒息。这些灾难造成的总死亡人数为 3,119 人。威尔士最严重的四起事故是：

1913 年，格拉摩根 Senghenydd 的 Universal 煤矿发生气体爆炸，造成 439 人死亡。
1894 年 6 月 25 日，格拉摩根 Cilfynydd 的 Albion 煤矿发生瓦斯爆炸，造成 290 人死亡。
1878 年 9 月 11 日，蒙茅斯郡阿伯卡恩的威尔士亲王煤矿发生爆炸，造成 272 人死亡。
1934 年 9 月 22 日，北威尔士雷克瑟姆附近的格雷斯福德灾难造成 266 人死亡。
一些煤矿，例如格拉摩根塔尔伯特港附近的 Morfa 煤矿和蒙茅斯郡里斯卡的 Black Vein 煤矿，在因不安全而关闭之前遭受了三次灾难。

美国
司可福矿难发生在 1900 年 5 月 1 日，犹他州司可福附近。至少有 200 人死亡，这是当时美国最严重的矿难。
弗雷特维尔矿难发生在 1902 年 5 月 19 日，造成 216 名矿工死亡，是美国历史上最严重的矿难之一。弗雷特维尔位于田纳西州安德森县西部。同样在同一年，1902 年 7 月 10 日，宾夕法尼亚州约翰斯敦发生了轧钢厂矿难。它造成 112 人死亡，其中许多人刚刚到达镇上。当时，它是该地区生产力最高的矿山之一。
莫农加矿难是美国历史上最严重的矿难;1907 年 12 月 6 日，西弗吉尼亚州莫农加 （Monongah） 发生地下爆炸，造成 362 名工人死亡。
玛丽安娜矿难于 1908 年 11 月 28 日发生在宾夕法尼亚州玛丽安娜附近的一个煤矿，导致 154 人死于爆炸。爆炸发生在换班期间，因为人们在前一个班次下班之前就进入了矿井。因此，矿井里的矿工比平时多得多。1957 年 9 月 23 日，同一矿井发生了另一起事故，当时矿井中 11 人中有 6 人死亡。
1911 年 12 月 9 日，田纳西州布莱斯维尔社区附近发生了十字山矿难，造成 84 名矿工死亡。
第一次道森灾难是 1913 年 10 月 22 日在新墨西哥州道森发生的一场采矿事故，造成 263 人死亡（146 名意大利人，36 名希腊人）。
第二次道森灾难是 1923 年 2 月 8 日在新墨西哥州道森发生的一起矿难，造成 123 人死亡。
1917 年 6 月 8 日，蒙大拿州比尤特的铜矿发生了投机者矿难。一根正在放入矿井的电缆在地表以下 2,500 英尺处意外点燃。火势迅速爬上电缆，进而点燃了竖井。因此，竖井变成了烟囱，消除了矿井的主要氧气来源。168 例死亡病例中，几乎所有人都是由于窒息造成的。它仍然是美国历史上最致命的地下硬岩开采事件。
黑斯廷斯矿爆炸是 1917 年 4 月 27 日在科罗拉多州拉斯阿尼马斯县黑斯廷斯的维克多美国燃料公司煤矿发生的火灾，造成 121 人死亡。
樱桃矿灾难是 1909 年伊利诺伊州樱桃煤矿的一场大火，以及周边事件，造成 259 名男子和男孩死亡。
1930 年俄亥俄州的米尔菲尔德矿难造成 82 人死亡。
从 1880 年到 1910 年，矿难导致数千人死亡。在 20 世纪初，每年的采矿死亡人数超过 1,000 人，而在 1950 年代后期下降到平均约 500 人，在 1990 年代下降到平均 93 人。除了死亡之外，还有数千人受伤（1991 年至 1999 年期间平均每年有 21,351 人受伤），但总体而言，死亡和受伤人数呈下降趋势。
1959 年，宾夕法尼亚州格里菲斯港发生了诺克斯矿难。膨胀的 Susquehanna 河坍塌成下面的地雷，导致 12 人死亡。在宾夕法尼亚州的普利茅斯，1869 年的埃文代尔矿难导致 108 名矿工和两名救援人员死亡，因为唯一的矿井发生火灾，导致矿井中的氧气消失。这场灾难导致了联邦采矿安全法律。宾夕法尼亚州于 2002 年在 Quecreek 遭受了另一场灾难，9 名矿工被困在地下，随后在 78 小时后获救。2006 年，有 72 名矿工在工作中死亡，其中 47 人死于煤矿开采。这些死亡人数大多发生在肯塔基州和西弗吉尼亚州，包括 Sago 矿难。 2010 年 4 月 5 日，在 Upper Big Branch 矿难中，地下爆炸导致 29 名矿工死亡。
美国矿业局成立于 1910 年，旨在调查事故、为行业提供咨询、进行生产和安全研究，并教授事故预防、急救和矿山救援课程。1969 年和 1977 年的《联邦煤矿健康与安全法案》为采矿制定了进一步的安全标准。自 1996 年美国矿业局关闭以来，这项研究职能一直由美国国家职业安全与健康研究所 （NIOSH） 承担。NIOSH 维护着一份自 1839 年以来在美国发生的矿难清单。

委内瑞拉
2024 年 2 月 21 日，玻利瓦尔安戈斯图拉市一座非法金矿坍塌，造成 14 人死亡，11 人受伤。

引用
延伸阅读
英格兰北部采矿和机械工程师研究所。尼古拉斯伍德纪念图书馆“采矿事故和安全：资源指南”。2016. 学院图书馆中与英国事故和安全相关的书籍、期刊、检查员报告、政府查询、立法、档案材料等指南。
有关英国采矿灾害的更多详细信息，请参阅煤矿历史研究中心，网址为 1842 皇家委员会报告 – Raleys – 地图、诗歌和 Sm

外部链接
 维基共享资源上与矿难相关的媒体
MSHA 情况说明书 – 采矿业的工伤趋势
CDC – 采矿 – 历史矿难
最严重的矿难",1291898355,https://en.wikipedia.org/w/index.php?title=Mining_accident&oldid=1291898355,e3822204b2af,0,e0d23b078e47
Disasters and Accidents,Disasters and Accidents,Disasters and Accidents,List of spaceflight-related accidents and incidents,"本文列出了可验证的与航天相关的事故和导致人员死亡或重伤的事件。这些事件包括载人航天任务的飞行或训练期间的事件，以及载人和机器人航天器的测试、组装、准备或飞行。不包括与洲际弹道导弹 （ICBM） 试验相关的事故或事件、试验动物死亡或受伤、无人航天飞行、第二次世界大战的火箭动力飞机项目，或关于据称未报告的苏联太空事故的阴谋论。

截至 2025 年 1 月，已有 19 人在穿越或打算穿越美国定义的太空边界（海拔 50 英里）的太空飞行中丧生。宇航员在太空任务训练时也丧生，例如阿波罗 1 号发射台起火，导致三名机组人员丧生。在与太空飞行相关的活动中，也有一些非宇航员死亡。截至 2025 年，已有超过 188 人死于与太空飞行相关的事件。

宇航员死亡人数
在太空飞行期间
截至 2025 年 1 月，飞行事故已在 5 起不同的事故中造成 15 名宇航员和 4 名宇航员死亡。其中 3 次飞行飞越了 Kármán 线（太空边缘），其中 1 次打算这样做。在每一次事故中，全体机组人员都丧生。截至 2023 年 12 月，共有 676 人飞入太空，其中 19 人死亡。这使得目前的统计死亡率为 2.8%。
佛罗里达州梅里特岛 （Merritt Island， Florida） 肯尼迪航天中心游客综合体 （Kennedy Space Center Visitor Complex） 的太空镜纪念馆 （Space Mirror Memorial） 纪念因公牺牲的美国宇航局宇航员。在苏联执政期间因公牺牲的宇航员通常会被安葬在莫斯科的克里姆林宫墙墓地。自 1971 年以来，没有苏联或俄罗斯宇航员在太空飞行中丧生。

在训练或测试期间
除了太空飞行期间的事故外，还有 11 名宇航员、试飞员和其他人员在训练或测试期间丧生。

航天飞行中的非致命事故
除了实际的灾难外，还有 38 次任务导致了一些非常险些失误，还有一些训练事故几乎导致死亡。

非致命训练事故
自太空计划成立之初，在载人和无人航天器的组装、测试和飞行准备过程中，与太空飞行相关的事故和事件偶尔会导致受伤或飞行器损失。自 2009 年以来发生了 35 起事故。

非宇航员死亡人数
火箭爆炸造成的死亡人数
该清单不包括军事行动造成的死亡，无论是故意引爆还是生产过程中的意外造成的死亡——例如，据报道，德国 V-2 火箭仅在生产阶段就平均造成每枚运营火箭 6 人死亡。超过 113 人死亡。

其他非宇航员死亡
47 人死亡。

另请参阅
航天非致命训练事故清单
对航天飞机计划的批评
堕落的宇航员
国际空间安全促进协会
失落的宇航员
天空实验室 4
航天对人体的影响
航天飞机
国际空间站的维护
空间站

笔记
引用
外部链接
宇航百科全书
载人航天计划事故/事件摘要 （1963–1969） – NASA 报告 （PDF 格式）
X-15A-3 的坠毁地点
载人航天计划事故/事件摘要 （1970–1971） – NASA 报告 （PDF 格式）
互动式航天飞机灾难纪念馆
哥伦比亚号航天飞机重返大气层等的原始视频重建
载人航天飞行中的重大事件和险情",1292988463,https://en.wikipedia.org/w/index.php?title=List_of_spaceflight-related_accidents_and_incidents&oldid=1292988463,ceebea777dc6,0,1cb79ffdb89a
Disasters and Accidents,Disasters and Accidents,Disasters and Accidents,Chernobyl disaster,"1986 年 4 月 26 日，位于苏联（现乌克兰）乌克兰苏维埃社会主义共和国普里皮亚季附近的切尔诺贝利核电站 4 号反应堆爆炸。这是国际核事件分级表上仅有的两起被评为最严重性的核能事故之一，另一起是 2011 年的福岛核事故，造成数十人直接伤亡。响应涉及超过 500,000 名员工，估计花费 180 亿卢布（2025 年约为 845 亿美元）。它仍然是最严重的核灾难，也是历史上最昂贵的灾难，估计代价为
7000 亿美元。灾难发生在运行测试以模拟在停电条件下发生事故期间冷却反应堆时。尽管反应堆功率意外下降，但由于设计问题，作员还是进行了测试，在这种情况下试图关闭反应堆会导致功率急剧波动。反应堆部件破裂并失去冷却剂，由此产生的蒸汽爆炸和熔毁摧毁了 4 号反应堆大楼，随后反应堆堆芯起火，放射性污染物蔓延到苏联和欧洲。事故发生 36 小时后建立了一个 10 公里（6.2 英里）的禁区，最初疏散了约 49,000 人。禁区后来扩大到 30 公里（19 英里），导致大约 68,000 多人疏散。爆炸造成两名工程师死亡，另外两名工程师严重烧伤，爆炸后，紧急行动开始扑灭大火并稳定反应堆。在住院的 237 名工人中，有 134 人出现急性辐射综合征 （ARS） 症状;其中 28 人在三个月内死亡。在接下来的十年中，又有 14 名工人（其中 9 名患有 ARS）死于各种原因，其中大部分与辐射暴露无关。这是商业核电历史上唯一发生与辐射相关的死亡事件。截至 2005 年，受影响人群中发生了 6000 例儿童甲状腺癌病例，“很大一部分”归因于这场灾难。联合国原子辐射影响科学委员会估计，此次辐射造成的死亡人数不到 100 人。对最终总死亡人数的预测各不相同;2006 年世界卫生组织的一项研究预计乌克兰、白俄罗斯和俄罗斯将有 9,000 人死于癌症相关。普里皮亚季被废弃，取而代之的是专门建造的斯拉夫蒂奇市。切尔诺贝利核电站石棺于 1986 年 12 月完工，减少了放射性污染的传播，并为未受损反应堆的机组人员提供了放射性保护。2016-2018 年，切尔诺贝利新安全禁闭系统围绕旧石棺建造，以便清除反应堆碎片，清理工作计划于 2065 年完成。事故序列
背景
关闭后的反应器冷却
在核反应堆运行中，大部分热量是由核裂变产生的，但超过 6% 的热量来自放射性衰变热，这种热量在反应堆关闭后继续存在。持续的冷却液循环对于防止型芯过热或型芯熔化至关重要。RBMK 反应堆，就像切尔诺贝利的反应堆一样，使用水作为冷却剂，由电动泵循环。4 号反应堆有 1,661 个单独的燃料通道，整个反应堆每小时需要超过 1200 万美制加仑（4500 万升）。在完全功率损失的情况下，切尔诺贝利的每个反应堆都有三台备用柴油发电机，但它们需要 60-75 秒才能达到满负荷并产生运行一个主泵所需的 5.5 MW。每个泵上的 15 个特殊配重通过惯性提供冷却剂，以弥合发电机启动的间隙。但是，如果加氢站停电与冷却剂管道破裂同时发生，则存在潜在的安全风险。在这种情况下，需要紧急堆芯冷却系统 （ECCS） 将额外的水泵入堆芯。据推测，反应堆蒸汽轮机的旋转动量可用于产生通过给水泵运行 ECCS 所需的电力。涡轮机的速度会随着能量的消耗而降低，但分析表明，可能有足够的能量来提供电力来运行冷却液泵 45 秒。16 这并不能完全弥合外部电源故障与应急发电机完全可用之间的差距，但会缓解这种情况。安全测试
涡轮机的空转能量能力仍需要通过实验来确认，之前的测试均未成功。1982 年进行的初步测试表明，涡轮发电机的励磁电压不足。电气系统进行了修改，并于 1984 年再次进行了测试，但再次被证明不成功。1985 年，进行了第三次测试，但由于记录设备出现问题，也没有结果。测试程序将于 1986 年再次运行，并计划在 4 号反应堆受控断电期间进行，这是为计划内维护停机做准备。
已经编写了一份测试程序，但作者不知道 RBMK-1000 反应堆在计划运行条件下的异常行为。52 它被认为是纯粹的发电机电气测试，即使它涉及关键单元系统。根据现有法规，此类测试不需要反应堆首席设计机构 （NIKIET） 或核安全监管机构的批准。51-52 测试计划要求禁用紧急堆芯冷却系统，这是一种被动/主动堆芯冷却系统，旨在在冷却剂损失事故中向堆芯提供水。已按规定获得现场总工程师的批准。： 18
测试过程旨在按如下方式运行：

反应堆的热功率将降低到 700 MW 到 1,000 MW 之间（以允许足够的冷却，因为涡轮机将在与电网断开连接时以运行速度旋转）
蒸汽轮发电机应以正常运行速度运行
八台主循环泵中有四台由场外电力供应，而其他四台将由涡轮机提供动力
当达到正确的条件时，涡轮发电机的蒸汽供应将关闭，这将在正常情况下触发反应堆自动关闭
将测量滑行涡轮机提供的电压，以及由涡轮机提供动力的四个主循环泵的电压和每分钟转数 （RPM）
当应急发电机提供全部电力时，涡轮发电机将被允许继续自由下降

测试延迟和班次更改
该测试将在 1986 年 4 月 25 日的白班期间进行，作为计划的反应堆关闭的一部分。白班已提前就反应堆运行条件进行了指示以进行测试，一旦达到正确的条件，一个专门的电气工程师团队就会在场进行电气测试。按照计划，机组的输出功率从 4 月 25 日 01：06 开始逐渐降低，到白班开始时，功率水平已达到其标称 3,200 MW 热力水平的 50%。
白班原定于 14：15 进行测试： 3 进行了测试的准备工作，包括禁用紧急核心冷却系统： 53 与此同时，另一个区域发电站意外下线。14：00，： 53 基辅电网控制员要求推迟进一步减少切尔诺贝利的发电量，因为需要电力来满足夜间高峰需求。很快，白班被晚班取代。3 尽管延误了，但紧急核心冷却系统仍被禁用。该系统必须通过手动隔离滑阀断开，： 51 这实际上意味着两三个人在整个班次中都花了时间手动转动帆船舵大小的阀轮。4 该系统对灾难没有影响，但允许反应堆在没有紧急保护的情况下在测试之外运行 11 小时，这表明普遍缺乏安全文化。 10, 18
23 点 04 分，基辅电网控制器允许反应堆恢复关闭。白班早就要下班了，夜班也准备下班，夜班要到午夜才接班，开始工作。根据计划，测试应该在白班完成，而夜班只需要在否则关闭的工厂中保持衰变的热冷却系统。36–38
夜班准备和实施实验的时间非常有限。切尔诺贝利核电站 （ChNPP） 副总工程师 Anatoly Dyatlov 在场指导了这次测试。他是测试的主要作者之一，也是在场级别最高的个人。机组轮班主管 Aleksandr Akimov 负责 4 号机组的夜班，Leonid Toptunov 是高级反应堆控制工程师，负责反应堆的运行方案，包括控制棒的移动。25 岁的 Toptunov 作为高级工程师独立工作了大约三个月。36-38 岁

电抗器功率意外下降
测试计划要求将反应堆功率逐渐降低到 700-1000 MW 的热能水平，4 月 26 日 00：05 达到 720 MW 的输出功率。53 然而，由于反应堆产生了裂变副产品氙-135，这是一种抑制反应的中子吸收剂，在没有作员进一步行动的情况下，功率继续降低， 这一过程称为反应堆中毒。在稳态作中，这种情况是避免的，因为氙 135 在产生时就被“烧掉”，成为高度稳定的氙 136。随着反应堆功率的降低，大量先前生产的碘-135 衰变成吸收中子的氙-135 的速度比减少的中子通量“烧掉”的速度要快。在这种情况下，氙中毒使反应堆控制更加困难，但在这种功率降低期间是一个可预测的现象。当反应堆功率下降到大约 500 MW 时，反应堆功率控制从本地自动调节器切换到自动调节器，以手动保持所需的功率水平。11 AR-1 然后启动，自动移除 AR-1 的所有四个控制棒，但 AR-2 由于电离室不平衡而未能启动。作为回应，Toptunov 降低了功率以稳定自动调节器的电离传感器。结果是功率突然下降到意外的接近关闭状态，功率输出为 30 MW 或更低。导致功率下降的确切情况尚不清楚。大多数报告将功率下降归因于托普图诺夫的错误，但迪亚特洛夫报告说这是由于 AR-2 系统的故障造成的。
反应堆现在只产生测试规定的最低初始功率水平的 5%。73 这种低反应性抑制了反应堆堆芯内氙 135：6 的燃烧，并阻碍了反应堆功率的上升。为了增加功率，控制室人员从反应器中取出了许多控制棒。几分钟后，反应堆在 00：39 恢复到 160 MW，此时大多数控制棒都处于上限，但控制棒配置仍在其正常运行极限内，运行反应性裕度 （ORM） 相当于插入了 15 根以上的棒。在接下来的 20 分钟内，反应堆功率将进一步增加到 200 MW。
反应堆在低功率水平下运行伴随着不稳定的核心温度和冷却剂流动，并且可能伴随着中子通量的不稳定。控制室反复收到有关蒸汽/水分离器桶中一半液位低的紧急信号，并伴有桶分离器压力警告。作为回应，工作人员触发了给水的快速涌入。安全阀打开，将多余的蒸汽排放到涡轮冷凝器中。引发事故的反应堆条件
当重新达到 200 MW 的功率水平时，实验的准备工作仍在继续，尽管功率水平远低于规定的 700 MW。作为测试的一部分，两个额外的主循环泵在 01：05 启动。增加的冷却剂流量降低了整体核心温度，并减少了核心中现有的蒸汽空隙。因为水比蒸汽更能吸收中子，所以中子通量和反应性降低。作员的回应是移除更多的手动控制杆以保持动力。大约在这个时候，插入反应器的控制棒数量下降到所需的值 15 以下。这对作员来说并不明显，因为 RBMK 没有任何能够实时计算插入杆价值的仪器。这些不同作用的综合作用是反应堆配置极其不稳定。几乎所有的 211 根控制棒都已被提取出来，过高的冷却剂流速意味着水在通过堆芯之间冷却的时间更短，因此进入反应堆的时间非常接近沸点。与其他轻水反应堆设计不同，当时的 RBMK 设计在典型的燃料燃耗水平下具有正空隙反应系数。这意味着沸腾的冷却水中形成的蒸汽气泡（空隙）加剧了核链式反应，因为空隙的中子吸收率低于水。作员不知道的是，在给定的作条件下，空隙系数并没有被其他反应性效应所抵消，这意味着沸腾的任何增加都会产生更多的蒸汽空隙，从而进一步加剧链式反应，导致正反馈回路。鉴于这一特性，4 号反应堆现在面临着其核心功率失控增加的风险，而没有任何可以限制它。反应器现在对蒸汽空隙对反应堆功率的再生效应非常敏感：3、14

事故
测试执行
在 01：23：04，测试开始。八台主循环泵 （MCP） 中的四台由滑行涡轮机的电压供电，而其余四台泵则照常从电网接收电力。涡轮机的蒸汽被关闭，涡轮发电机开始耗尽。柴油发电机启动并依次接收负载;发电机将在 01：23：43 之前完全满足 MCP 的电力需求。随着涡轮发电机的动量减弱，它为泵产生的电力也随之减弱。水流速降低，导致流经燃油压力管的冷却液中形成的蒸汽空隙增加。

反应器关闭和功率偏移
01：23：40，随着实验的结束，反应堆的紧急关闭开始。当按下反应堆应急保护系统的 AZ-5 按钮时，加速启动：这与所有控制杆上的驱动机构接合以将它们完全插入，包括之前撤回的手动控制杆。人员本来打算使用 AZ-5 按钮关闭，为定期维护做准备，而 scram 在功率急剧增加之前。13 然而，当时按下按钮的原因并不确定，因为只有死者的 Akimov 和 Toptunov 做出了这个决定，尽管控制室的气氛很平静， 根据目击者的说法：85 RBMK 设计师声称只有在反应堆已经开始自毁后才按下按钮。： 578

当按下 AZ-5 按钮时，开始将控制棒插入反应堆堆芯。控制杆插入机构以每秒 0.4 米（1.3 英尺/秒）的速度移动杆，因此杆需要 18 到 20 秒才能穿过岩芯的整个高度，即 7 米（23 英尺）。一个更大的问题是 RBMK 控制棒的设计，每个控制棒的末端都有一个石墨中子慢化剂部分，当控制棒部分完全从反应器中抽出时，通过置换水来提高反应堆的输出。也就是说，当控制棒处于最大提取状态时，中子慢化石墨延伸部分位于核心中心，其上方和下方有 1.25 米（4.1 英尺）的水柱。因此，在超阻中向下注入反应器中控制棒最初会用中子慢化石墨取代反应器下部的中子吸收水。因此，紧急加扰最初可以增加堆芯下部的反应速率。4 1983 年，当控制棒最初插入伊格纳利纳核电站的另一个 RBMK 反应堆时，引起了功率尖峰，从而发现了这种行为。没有针对 Ignalina 实施程序对策。国际原子能机构调查报告 INSAG-7 后来指出，“显然，人们普遍认为，正 scram 效应很重要的条件永远不会发生。然而，在导致切尔诺贝利事故的行动过程中，它们确实几乎出现在每一个细节中。
加压后几秒钟，发生了功率尖峰，堆芯过热，导致一些燃料棒断裂。一些人推测，这也堵塞了控制杆柱，在插入 1/3 处卡住了它们。在 3 秒内，反应堆的输出功率上升到 530 MW 以上：31
仪器没有记录事件的后续过程;它是通过数学模拟重建的。功率尖峰会导致燃料温度升高和蒸汽积聚，从而导致蒸汽压力迅速增加。这导致燃料包壳失效，将燃料元件释放到冷却剂中，并使这些元件所在的通道破裂。爆炸
随着加扰的继续，反应堆的热功率跃升至约 30,000 MW 的热能，是其正常运行输出的 10 倍，这是控制面板上指示的最后一个读数。一些人估计，功率峰值可能比这高出 10 倍。无法重建导致反应堆摧毁和动力装置建筑的过程的精确顺序，但蒸汽爆炸似乎是下一个事件。人们普遍认为，是受损燃料通道的爆炸性蒸汽压力逸出到反应堆的外部冷却结构中，导致了爆炸，摧毁了反应堆外壳，撕裂并炸毁了称为上部生物防护罩的上板，整个反应堆组件都固定在该上板上，穿过反应堆建筑的顶部。据信这是许多人听说过的第一次爆炸。
这次爆炸进一步破坏了燃料通道，并切断了为反应堆室供油的大部分冷却剂管线。结果，剩余的冷却剂闪蒸成蒸汽，从反应堆堆芯中逸出。总水损失加上高正空隙系数进一步增加了反应堆的热功率。第二次更强大的爆炸发生在第一次爆炸后大约两三秒;这次爆炸分散了受损的堆芯，有效地终止了核链式反应。这次爆炸破坏了反应堆安全壳的更多部分，并喷出了炽热的石墨慢化剂块。喷出的石墨和仍在反应堆容器残骸中的被拆除的通道在暴露于空气中时起火，极大地促进了放射性沉降物的扩散。据估计，这次爆炸的威力相当于 225 吨 TNT。据 4 号机组外的观察者称，燃烧的材料块和火花射入反应堆上方的空气中。他们中的一些人掉到了机房的屋顶上，引发了一场大火。大约 25% 的炽热石墨块和燃料通道中的过热材料被弹出。部分石墨块和燃料通道从反应堆建筑中出来。由于建筑物受损，核心的高温建立了通过核心的气流。空气点燃了炽热的石墨，引发了石墨的火。
在更大的爆炸之后，发电站的几名员工出去是为了更清楚地了解破坏程度。其中一位幸存者亚历山大·尤甫琴科 （Alexander Yuvchenko） 说，当他走出去，抬头看向反应堆大厅时，他看到一束“非常漂亮”的激光状蓝光，由电离空气辉光引起，似乎“泛滥到无限远”。第二次爆炸的可能原因
关于第二次更大的爆炸的性质，最初有几种假设。一种观点认为，第二次爆炸是由氢气燃烧引起的，氢气是由过热的蒸汽-锆反应或炽热的石墨与产生氢气和一氧化碳的蒸汽反应产生的。康斯坦丁·切切罗夫 （Konstantin Checherov） 于 1998 年发表的另一个假设是第二次爆炸是反应堆的热爆炸，这是由于反应堆堆芯中的水分完全流失导致快中子无法控制地逃逸。失败的核爆炸假说
第二次爆炸的威力和事故后释放的氙放射性同位素的比率使 Sergei A. Pakhomov 和 Yuri V. Dubasov 在 2009 年推测，第二次爆炸可能是由于堆芯材料在没有水冷却剂和慢化剂的情况下熔化而导致的极快的核电瞬变。帕霍莫夫和杜巴索夫认为，没有延迟的超临界功率增加，而是失控的迅速临界，类似于失败的核武器的爆炸。他们的证据来自切尔诺贝利东北 1,000 公里（620 英里）的切列波韦茨市，V.G. Khlopin 镭研究所的物理学家在爆炸四天后测量了异常高水平的氙-135（一种短半衰期同位素）。这意味着反应堆中的核事件可能已将氙喷射到大气中比后来的火灾更高的高度，从而使氙广泛移动到偏远地区。这是对正反馈功率偏移的更可接受的解释的替代方案，在正反馈功率偏移中，反应堆通过蒸汽爆炸自行分解。帕霍莫夫和杜巴索夫估计，第二次爆炸释放的能量产生了大部分破坏，为 400 亿焦耳，相当于约 10 吨 TNT。Lars-Erik De Geer、Christer Persson 和 Henning Rodhe 于 2017 年研究了 Pakhomov 和 Dubasov 的核嘶嘶声假说，他们将假设的嘶嘶声事件作为第一次爆炸的更可能原因。11 两种分析都认为，核嘶嘶事件，无论是产生第二次还是第一次爆炸，都由仅限于反应堆堆芯一小部分的快速连锁反应组成。 因为自反汇编在 fizzle 事件中会迅速发生。立即响应
防火
与安全规定相反，沥青是一种可燃材料，已被用于建造反应堆建筑的屋顶和涡轮机大厅。喷出的物质在相邻的 3 号反应堆的顶部点燃了至少五场大火，该反应堆仍在运行。当务之急是扑灭这些大火并保护 3 号反应堆的冷却系统。42 在 3 号反应堆内，夜班主任尤里·巴格达萨罗夫 （Yuri Bagdasarov） 想立即关闭反应堆，但总工程师尼古拉·福明 （Nikolai Fomin） 不允许这样做。作员获得了呼吸器和碘化钾片剂，并被告知继续工作。05：00，巴格达萨罗夫自己决定关闭反应堆：44，迪亚特洛夫和站值班主管罗戈日金以书面形式确认了这一决定。事故发生后不久，消防员赶到现场试图扑灭大火。首先到达现场的是切尔诺贝利发电站消防队，由弗拉基米尔·普拉维克中尉指挥，他于 1986 年 5 月 11 日死于急性放射病。他们没有被告知烟雾和碎片的放射性有多危险，甚至可能不知道这次事故只不过是一场普通的电气火灾：“我们不知道是反应堆。没有人告诉我们。其中一辆消防车的司机 Grigorii Khmel 后来描述了发生的事情：

我们在凌晨 10 或 15 分钟到 2 点到达那里......我们看到石墨散落一地。米沙问道：“那是石墨吗？我把它踢开了。但另一辆卡车上的一名战士捡到了它。“很热，”他说。石墨块大小不一，有些大，有些小到足以捡起它们 [...]我们对辐射了解不多。即使是在那里工作的人也不知道。卡车里没有水了。Misha 注满了一个蓄水池，我们将水对准顶部。然后那些死去的男孩们爬上了屋顶——瓦什奇克、科利亚和其他人，还有沃洛佳·普拉维克......他们爬上了梯子......我再也没有见过他们。驻扎在切尔诺贝利的消防员阿纳托利·扎哈罗夫 （Anatoli Zakharov） 在 2008 年提供了不同的描述：“我记得我对其他人开玩笑说，'这里一定有令人难以置信的辐射。如果我们早上都还活着，那就太幸运了。“他还说：”我们当然知道！如果我们遵守规定，我们永远不会靠近反应堆。但这是一种道德义务——我们的责任。我们就像神风敢死队。
当务之急是扑灭空间站屋顶和 4 号反应堆所在的建筑物周围区域的火灾，以保护 3 号反应堆。大火在 5：00 之前被扑灭，但许多消防员受到了高剂量的辐射。4 号反应堆内的火一直燃烧到 1986 年 5 月 10 日;可能超过一半的石墨被烧坏了。： 73
一些人认为，直升机将超过 5,000 吨（1100 万磅）的沙子、铅、粘土和吸收中子的硼投向燃烧的反应堆上，从而扑灭了堆芯火。现在已知，这些材料几乎没有一种到达核心。历史学家估计，大约有 600 名苏联飞行员冒着危险水平的辐射风险，飞行了数千次飞行，以覆盖 4 号反应堆，以试图封闭辐射。从参与其中的消防员在死亡前的目击者描述中，有人将他对辐射的经历描述为“尝起来像金属”，脸上感觉像针刺一样。这与曼哈顿计划物理学家路易斯·斯洛廷 （Louis Slotin） 的描述一致，他在一次临界事故中因致命的辐射过量而死亡。爆炸和大火将核燃料的热颗粒和更危险的裂变产物抛向空气中。周边地区的居民在爆炸当晚观察到放射性云。辐射水平
据估计，反应堆建筑受灾最严重区域的电离辐射水平为每秒 5.6 伦琴 （R/s），相当于每小时 20,000 多伦琴。致命剂量约为 500 伦琴（现代辐射单位中为 ~5 格雷 （Gy））超过 5 小时。在一些地区，没有保护的工人在不到一分钟的时间内接种了致命剂量。一个能够测量高达 1,000 R/s 的剂量计被埋在建筑物倒塌部分的瓦砾中，另一个剂量计在打开时出现故障。大多数剩余的剂量计的限值为 0.001 R/s，因此读数“超出比例”。反应堆机组只能确定辐射水平在 0.001 R/s （3.6 R/h） 以上，而某些地区的真实水平要高得多：42-50
由于读数不准确，反应堆组长亚历山大·阿基莫夫 （Aleksandr Akimov） 假设反应堆完好无损。建筑物周围散落着石墨碎片和反应堆燃料的证据被忽略了，04：30 带来的另一个剂量计的读数被驳回，假设新的剂量计一定有缺陷。42-50 阿基莫夫在反应堆建筑里一直呆到早上，派他的机组人员试图将水泵入反应堆。他们都没有穿戴任何防护装备。包括 Akimov 在内的大多数人在三周内死于辐射暴露。247–248

事故调查
原子能机构于 1985 年成立了国际核安全咨询小组 （INSAG）。INSAG 编写了两份关于切尔诺贝利的重要报告：1986 年的 INSAG-1 和 1992 年的修订报告 INSAG-7。根据 INSAG-1 的说法，事故的主要原因是作员的行为，但根据 INSAG-7 的说法，主要原因是反应堆的设计。24 两份报告都指出，所有管理和运营层面的“安全文化”（INSAG-1 创造了这个词）不足是一个主要的潜在因素。21， 24

危机管理
疏散
附近的普里皮亚季市没有立即疏散，镇民在夜间也没有收到刚刚发生的事情的警报。然而，在几个小时内，数十人生病了。后来，他们报告说嘴里有严重的头痛和金属味，以及无法控制的咳嗽和呕吐。由于该工厂由莫斯科当局经营，乌克兰政府没有及时收到有关事故的信息。时任乌克兰苏维埃社会主义共和国最高拉达主席团主席瓦伦蒂娜·舍甫琴科 （Valentyna Shevchenko） 表示，乌克兰代理内务部长瓦西里·杜尔迪涅茨 （Vasyl Durdynets） 于 09：00 在工作时打电话给她报告时事;直到谈话结束时，他才补充说，切尔诺贝利核电站曾发生过火灾，但已经被扑灭，一切都很好。当舍甫琴科问道“人们怎么样”时，他回答说没有什么可担心的：“有些人在庆祝婚礼，有些人在园艺，有些人在普里皮亚季河钓鱼”。舍甫琴科随后与乌克兰共产党总书记、事实上的国家元首弗拉基米尔·谢尔比茨基（Volodymyr Shcherbytsky）通了电话，后者表示，他预计由苏联部长会议副主席鲍里斯·谢尔比纳（Boris Shcherbina）率领的国家委员会代表团将出席。当天晚些时候成立了一个委员会来调查这起事故。它由库尔恰托夫原子能研究所第一副所长瓦列里·列加索夫领导，成员包括领先的核专家叶夫根尼·维利霍夫、水文气象学家尤里·伊兹拉尔、放射科医生列昂尼德·伊林等人。他们飞往鲍里斯波尔国际机场，并于 4 月 26 日晚上抵达发电厂。到那时，已经有两人死亡，52 人住院。代表团很快就掌握了充分的证据，证明反应堆被摧毁了，极高水平的辐射导致了许多辐射暴露案例。4 月 27 日凌晨，他们下令撤离普里皮亚季。疏散公告的翻译摘录如下：

为了普里皮亚季居民的注意！市议会通知您，由于普里皮亚季市切尔诺贝利发电站的事故，附近的放射性状况正在恶化。共产党、其官员和武装部队正在采取必要措施来打击这种情况。尽管如此，为了尽可能保证人们的安全和健康，儿童是重中之重，我们需要暂时疏散基辅地区最近城镇的居民。出于这些原因，从 1986 年 4 月 27 日 14：00 开始，每个公寓楼将能够有一辆公共汽车供其使用，由警察和市政府官员监督。强烈建议您随身携带您的文件、一些重要的个人物品和一定数量的食物，以防万一。该市公共和工业设施的高级管理人员已经决定了需要留在普里皮亚季的员工名单，以保持这些设施的良好工作状态。在疏散期间，所有房屋都将由警察看守。同志们，暂时离开你们的住所，请确保你们已经关掉了灯、电器和水，并关上了窗户。请在这次短期疏散过程中保持冷静和有序。为了加快疏散速度，居民被告知只带必要的东西，并且他们将保持疏散状态大约三天。结果，大部分个人物品被留下，居民只有在几个月后才被允许找回某些物品。到 15：00，有 53,000 人被疏散到基辅地区。第二天，开始谈判从 10 公里（6.2 英里）的区域疏散人员。事故发生 10 天后，疏散区域扩大到 30 公里（19 英里）.： 115， 120–121切尔诺贝利核电站禁区此后一直存在，尽管它的形状发生了变化，规模扩大了。在接下来的一年里，对该区域外孤立的尘埃热点进行了调查和检测，最终总共有 135,000 名长期疏散人员。从 1986 年到 2000 年，从污染最严重地区永久安置的人数几乎增加了两倍，达到约 350,000 人。第聂伯河沼泽地上建造了一座新的斯拉夫蒂奇市，以容纳切尔诺贝利核电站的员工而不是普里皮亚季，并有直接连接到切尔诺贝利核电站的铁路连接。官方公告
疏散工作在苏联公开承认事故的前一天半开始。4 月 28 日上午，距离切尔诺贝利核电站 1,000 多公里（620 英里）的瑞典福斯马克核电站的辐射水平触发了警报。Forsmark 的工作人员向瑞典辐射安全局报告了此案，该局确定辐射来自其他地方。当天，瑞典政府联系苏联政府，询问苏联是否发生过核事故。苏联人最初否认了这一点。直到瑞典政府表示他们即将向国际原子能机构提交正式警报后，苏联政府才承认切尔诺贝利发生了事故。起初，苏联人只承认发生了一场小事故，但当他们开始疏散超过 100,000 人时，国际社会才意识到了情况的全部规模。4 月 28 日晚上 21 点 02 分，电视新闻节目 Vremya 宣读了一段 20 秒的公告：“切尔诺贝利核电站发生事故。其中一个核反应堆受损。事故的影响正在得到补救。已为任何受影响的人提供了援助。已经成立了一个调查委员会。
这是苏联首次正式宣布发生核事故。苏联电报社 （TASS） 随后讨论了三哩岛事故和其他美国核事故，《纽约时报》的塞尔日·施梅曼 （Serge Schmemann） 写道，这是苏联常见的“什么主义”策略的一个例子。提到一个委员会也向观察者表明了事件的严重性，随后的国家无线电广播被古典音乐所取代，这是让公众为宣布苏联悲剧做准备的常用方法。大约在同一时间，ABC 新闻发布了关于这场灾难的报道。舍甫琴科是 4 月 28 日早些时候第一个到达灾难现场的乌克兰国家高级官员。她在午夜时分回到家，在 Vilcha 的一个放射检查站停了下来，这是事故发生后不久设立的首批检查站之一。莫斯科发出通知，没有理由推迟在基辅举行的 5 月 1 日国际劳动节庆祝活动。4 月 30 日，苏共中央政治局召开会议，讨论庆祝活动的计划。科学家们报告说，基辅的放射学背景水平是正常的。决定将庆祝活动从常规的三个半小时缩短到四个小时以下。普里皮亚季的几栋建筑保持开放，供仍在工厂工作的工人使用。其中包括 Jupiter 工厂和 Azure 游泳池，切尔诺贝利清算者在清理期间用于娱乐。降低堆芯熔毁风险
起泡池
反应器下方的两层起泡池用作紧急冷却泵的大型储水池和压力抑制系统，能够在蒸汽管小破裂的情况下冷凝蒸汽;他们上方的三楼，反应堆下方，用作蒸汽隧道。破损的管道释放的蒸汽本应进入蒸汽隧道并被引导进入水池，通过一层水冒泡。灾难发生后，由于冷却水管破裂和消防水积聚，游泳池和地下室被淹没。阴燃的石墨、燃料和其他材料在超过 1,200 °C （2,190 °F） 的温度下开始燃烧穿过反应堆底部，并与反应堆内衬的熔融混凝土混合，产生真皮，这是一种类似于熔岩的放射性半液体材料。人们担心，如果这种混合物通过地板融化到水池中，由此产生的蒸汽会进一步污染该区域，甚至引起另一次爆炸，喷出更多的放射性物质。有必要排干游泳池。这些担忧最终被证明是没有根据的，因为在水被排出之前，珊瑚就开始无害地滴入被淹没的起泡池。熔融的燃料撞击水面并冷却成浅棕色的陶瓷浮石，其低密度使其能够漂浮在水面上。政府委员会对此一无所知，指示通过打开水闸来排干起泡池。然而，控制它的阀门位于反应堆建筑附近地下附属建筑的被淹没的走廊中。志愿者穿着潜水服和呼吸器，并配备了剂量计，进入膝盖深的放射性水中并打开阀门。他们是工程师 Oleksiy Ananenko 和 Valeri Bezpalov，由值班主管 Boris Baranov 陪同。许多媒体报道错误地暗示这三名男子都在几天后死亡。事实上，这三人都活了下来，并于 2018 年 5 月被授予勇气勋章。一旦起泡池闸门打开，消防队泵就被用来排空地下室。直到 5 月 8 日，在抽出 20,000 吨（20,000 长吨;22,000 短吨）的水后，作业才完成。地基保护措施
政府委员会担心熔融的堆芯会燃烧到泥土中并污染地下水。为了减少这种情况的可能性，决定冻结反应堆下方的泥土，这也可以稳定地基。使用油井钻探设备，于 5 月 4 日开始注入液氮。据估计，每天需要 25 吨（55,000 磅）液氮才能将土壤保持在 -100 °C （-148 °F） 的冻结温度。59 这个想法很快就被废弃了。作为替代方案，地铁建设者和煤矿工人被部署在反应堆下方挖掘一条隧道，为冷却系统腾出空间。冷却系统的最终临时设计是将水冷却的管道卷曲组成，并在顶部覆盖一层薄薄的导热石墨层。石墨层将防止上面的混凝土熔化。该石墨冷却板层将封装在两层混凝土之间，每层混凝土层厚 1 米（3 英尺 3 英寸）以进行稳定。这种石墨-混凝土“三明治”在概念上类似于后来的堆芯捕集器，现在是许多核反应堆设计的一部分。石墨冷却板和之前的氮气喷射提案在空中温度下降和燃料熔化已停止的指示性报告后没有使用。后来确定，燃料流过了三层楼，只有几立方米停在地面上。具有主动冷却功能的预防性地下通道被认为是多余的，挖掘部分用混凝土填充，以加固反应堆下方的地基。网站清理
清除碎屑
在爆炸后的几个月里，人们的注意力转向了清除屋顶上的放射性碎片。虽然最严重的放射性碎片仍留在反应堆的残骸中，但估计必须清除屋顶上 100 吨的碎片，才能安全建造“石棺”——一种将掩埋反应堆并减少放射性尘埃释放的混凝土结构。最初的计划是使用机器人清理屋顶。苏联使用了大约 60 个遥控机器人，主要用于月球探测或警务工作，其中大部分是在苏联制造的。这些机器人中最著名的是经过改造的西德警察机器人“Joker”，这是一种亮黄色的机器人。由于地形复杂，再加上高辐射场对电池和电子控制装置的影响，许多公司都失败了。1987 年，莫斯科库尔恰托夫原子能研究所第一副所长瓦列里·列加索夫 （Valery Legasov） 说：“我们了解到，机器人并不是解决所有问题的好方法。在辐射非常高的地方，机器人就不再是机器人了——电子设备停止工作。
因此，放射性最强的材料被来自军队的切尔诺贝利清理者用铲子铲掉，他们穿着防护装备（被称为“生物机器人”）。由于辐射水平极高，这些士兵最多只能花 40-90 秒在周围建筑物的屋顶上工作。从屋顶清理的碎片中只有 10% 是由机器人完成的;另外 90% 的辐射由 3,828 名男性去除，他们平均每人吸收了估计剂量为 25 雷姆（250 mSv）的辐射。石棺的建造
随着露天反应堆火灾的扑灭，下一步是防止风或鸟类造成的污染蔓延，这些污染可能会降落在残骸中，然后将污染带到其他地方。此外，雨水可以将污染物冲入地下水位，在那里它可以迁移到场地区域之外。落在残骸上的雨水也可能加速剩余反应堆结构中钢结构的腐蚀。另一个挑战是减少发射的大量伽马辐射，这对作相邻 3 号反应堆的工作人员构成危险。选择的解决方案是通过建造一个巨大的钢筋和混凝土复合掩体来封闭失事的反应堆，该掩体被称为“石棺”。它必须在高水平环境伽马辐射的限制下快速架设。设计于 1986 年 5 月 20 日开始，即灾难发生 24 天后，施工时间为 6 月至 11 月下旬。必须保护建筑工人免受辐射，并采用了起重机司机在衬铅控制室中工作等技术。施工工作包括在周边竖立墙壁，清理和浇筑周围地面的混凝土以去除辐射源并允许大型工程机械进入，建造厚厚的辐射屏蔽墙以保护 3 号反应堆的工人，制造一个高层扶壁以加强旧结构的部分，建造一个整体屋顶， 并配置通风抽气系统以捕获避难所内的任何空气传播污染。反应器条件调查
在石棺建造过程中，作为一项被称为“复杂探险”的调查的一部分，一个科学小组重新进入反应堆，以定位并容纳核燃料，以防止再次爆炸。这些科学家手动收集了冷燃料棒，但堆芯仍然散发出大量热量。通过在反应堆中钻孔并插入长金属探测器管来监测建筑物不同部分的辐射率。科学家们暴露在高水平的辐射下。1986 年 12 月，经过六个月的调查，该团队在远程摄像机的帮助下发现，在四号机组的地下室形成了一个超过 2 米（6 英尺 7 英寸）宽的强放射性物质。这块肿块因其皱纹的外观而被称为“象的脚”。它由熔化的沙子、混凝土和从反应堆中逸出的大量核燃料组成。反应堆下方的混凝土冒着热气，被现已凝固的熔岩和被称为切尔诺贝利石的壮观未知晶体形式破坏。结论是没有进一步的爆炸风险。区域清理
官方污染区进行了持续七个月的大型清理工作：177–183 如此早期和危险的净化工作的官方原因是，必须让土地重新定居并重新耕种。在 15 个月内，75% 的土地被耕种，尽管只有三分之一的疏散村庄被重新安置。国防军肯定完成了大部分工作。然而，这片土地的农业价值微乎其微。根据大卫·马普尔斯的说法，政府希望防止对核能的恐慌，甚至重新启动发电站。78-79、87、192-193
直升机定期向大面积的受污染土地喷洒“Barda”，这是一种粘性聚合液，旨在捕获放射性尘埃。尽管许多放射性应急车辆被埋在战壕中，但截至 2018 年，清算人使用的许多车辆仍停在切尔诺贝利地区的一块田野中。清道夫已经移除了许多功能正常但放射性很强的部件。一枚独特的“清理”奖章颁发给了被称为“清算人”的清理工人。清算人在恶劣的条件下工作，消息不灵通，保护不力。其中许多（如果不是大多数）超过了辐射安全限值。： 177–183

场地修复
关于这种植物的未来和命运的问题出现了。三年后，未完成的 5 号和 6 号反应堆的所有工作都停止了。受损的反应堆被密封，并在灾难现场和运营大楼之间放置了 200 立方米（260 立方码）的混凝土。由于能源短缺，乌克兰政府允许剩余的三个反应堆继续运行。1991 年 10 月，2 号反应堆的涡轮机房发生火灾;当局随后宣布反应堆损坏无法修复，并下线。1 号反应堆于 1996 年 11 月退役，这是乌克兰政府与国际原子能机构等国际组织之间达成的协议的一部分，旨在结束该工厂的运营。2000 年 12 月 15 日，时任总统列昂尼德·库奇马 （Leonid Kuchma） 在正式仪式上亲自关闭了 3 号反应堆，关闭了整个反应堆。4 号反应器约束
事故发生后不久，反应堆建筑很快就被一个巨大的混凝土石棺包裹起来。起重机作员在衬铅的机舱内盲目工作，听取远处无线电观察员的指示，同时用定制的车辆将巨大的混凝土块运送到现场。石棺的目的是阻止放射性粒子进一步释放到大气中，将暴露的堆芯与天气隔离开来，并为相邻反应堆 1 至 3 的持续运行提供安全保障。混凝土石棺从来没有打算持续很长时间，使用寿命只有 30 年。2013 年 2 月 12 日，涡轮机大楼屋顶的一段 600 平方米（6,500 平方英尺）在石棺附近倒塌，导致放射性新一轮释放，该地区暂时疏散。起初，人们认为屋顶坍塌是因为雪的重量，但雪量并不特别，乌克兰实况调查小组的报告得出结论，坍塌是草率维修工作和结构老化的结果。专家警告说，石棺本身正处于倒塌的边缘。1997 年，国际切尔诺贝利庇护所基金成立，旨在为不稳定和短命的石棺设计和建造一个更永久的覆盖物。2011 年，它从国际捐助者那里获得了 8.64 亿欧元，由欧洲复兴开发银行 （EBRD） 管理。新庇护所被命名为新安全禁闭，于 2010 年开始建设。 它是一个 105 米（344 英尺）高、跨度 257 米（843 英尺）的金属拱门，建在 4 号反应堆大楼附近的轨道上，因此它可以滑过现有石棺的顶部。新的安全禁闭于 2016 年完成，并于 11 月 29 日在石棺上滑落到位。与原来的石棺不同，新的安全限制旨在允许使用远程作设备安全地拆卸反应堆。废物管理
1-3 号机组的乏燃料储存在机组的冷却池中，并储存在临时乏燃料储存设施池 ISF-1 中，该池现在容纳了 1-3 号机组的大部分乏燃料，允许这些反应堆在限制较少的条件下退役。1 号和 2 号机组的大约 50 个燃料组件损坏，需要特殊处理。因此，将燃料转移到 ISF-1 分三个阶段进行：首先从 3 号机组移动燃料，然后从 1 号和 2 号机组移动所有未损坏的燃料，最后从 1 号和 2 号机组移动损坏的燃料。向 ISF-1 的燃料转移已于 2016 年 6 月完成。该场址对更大规模、更长期的放射性废物管理的需求将通过一个名为 ISF-2 的新设施来满足。该设施用作 1-3 号机组的乏燃料组件和其他运营废物以及 1-3 号机组退役材料的干式储存库。1999 年与 Areva NP （Framatome） 签订了建造 ISF-2 的合同。2003 年，在建造了大部分存储结构后，设计概念中的技术缺陷变得明显。2007 年，阿海珐退出，Holtec International 签订了 ISF-2 的新设计和建造合同。新设计于 2010 年获得批准，2011 年开始施工，施工于 2017 年 8 月完工。ISF-2 是世界上最大的核燃料储存设施，预计将容纳 21,000 多个燃料组件，至少可存放 100 年。该项目包括一个加工设施，能够切割 RBMK 燃料组件并将材料放入罐中，以填充惰性气体并焊接关闭。然后，这些罐子将被运送到干燥的储存库，燃料容器将在那里封闭长达 100 年。预计加工能力为每年 2,500 个燃料组件。含燃料的材料
放射性物质由堆芯碎片、灰尘和类似熔岩的“含燃料材料”（FCM）——也称为“真皮”——组成，这些材料在硬化成陶瓷形式之前流经沉闷的反应堆建筑。反应堆建筑的地下室有三种不同的熔岩：黑色、棕色和多孔陶瓷。熔岩材料是硅酸盐玻璃，其中含有其他材料。多孔熔岩是棕色的熔岩，落入水中，因此迅速冷却。目前尚不清楚陶瓷形式将延迟放射性释放多长时间。从 1997 年到 2002 年，一系列已发表的论文表明，熔岩的自我照射将在几周内将所有 1,200 吨（1,200 长吨;1,300 短吨）转化为亚微米和移动粉末。据报道，熔岩的降解可能是一个缓慢、渐进的过程。同一篇论文指出，失事反应堆的铀损失每年仅为 10 公斤（22 磅）;这种低铀浸出率表明熔岩正在抵抗其环境。该论文还指出，当庇护所得到改善时，熔岩的浸出率会降低。截至 2021 年，一些燃料已经显着降解。著名的象脚，原本非常坚硬，需要使用穿甲 AK-47 子弹才能去除一大块，现在已经软化成类似于沙子的质地。在新的安全隔离大楼完工之前，雨水充当中子慢化剂，引发剩余材料裂变增加，面临临界风险。用硝酸钆溶液淬灭中子以减缓裂变。即使在建筑物完工后，裂变反应也可能增加;科学家们正在努力了解原因和风险。虽然大多数被销毁燃料的中子活动有所下降，但从 2017 年到 2020 年底，子反应堆空间的中子密度翻了一番，然后在 2021 年初趋于平稳。这表明随着水位下降，裂变水平增加，这与预期相反，并且与其他含燃料区域相比是非典型的。这些波动导致人们担心可能会产生自我维持的反应，这可能会在整个新安全禁闭中传播更多的放射性尘埃和碎片，使未来的清理工作更加困难。可能的解决方案包括使用机器人钻入燃料并插入碳化硼控制棒。2021 年初，ChNPP 的一份新闻稿指出，自当年年初以来，观察到的中子密度增加已经趋于平稳。禁区
禁区最初是一个从工厂向各个方向半径为 30 公里（19 英里）的区域，但随后大大扩大到包括大约 2,600 平方公里（1,000 平方英里）的区域，正式名称为“异化区”。由于缺乏人类对空间和资源的竞争，该地区在很大程度上已经恢复为森林，并被野生动物所侵占。大众媒体来源对该区域何时可以再次被视为宜居提供了概括的估计。这些非正式估计的范围从大约 300 年到 20,000 年的倍数不等，指的是污染该区中心部分的钚 239 的半衰期。在灾难发生后的几年里，被称为 samosely 的居民非法返回了他们废弃的家园。大多数人退休了，主要靠农业和游客运送的包裹生存。截至 2016 年，已有 187 名当地人返回该区域并永久居住在那里。2011 年，乌克兰向游客开放了切尔诺贝利反应堆周围的封闭区。森林火灾问题
在旱季，森林火灾是受放射性物质污染的地区长期存在的问题。干燥的条件和碎片的堆积使森林成为野火的成熟滋生地。根据当时的大气条件，野火产生的烟雾可能会将更多的放射性物质扩散到禁区之外。在白俄罗斯，Bellesrad 组织的任务是监督该地区的粮食种植和林业管理。2020 年 4 月，森林大火蔓延到禁区 20,000 公顷（49,000 英亩），导致铯 137 和锶 90 从地面和生物质中释放的辐射增加。监测网络可以检测到放射性的增加，但并未对人类健康构成威胁。基辅居民因火灾而受到的平均辐射剂量估计为 1 nSv。恢复项目
切尔诺贝利信托基金由联合国于 1991 年设立，旨在帮助切尔诺贝利事故的受害者。它由联合国人道主义事务协调办公室管理，该办公室还管理战略制定、资源调动和宣传工作。从 2002 年开始，在联合国开发计划署的领导下，该基金将其重点从紧急援助转向长期发展。切尔诺贝利庇护所基金于 1997 年在丹佛举行的八国集团峰会上成立，旨在为庇护所实施计划 （SIP） 提供资金。该计划要求通过稳定石棺和建造新的安全禁闭结构，将该地点转变为生态安全的条件。虽然 SIP 的最初成本估计为 7.68 亿美元，但 2006 年的估计为 12 亿美元。2003 年，联合国开发计划署启动了切尔诺贝利恢复和发展计划 （CRDP），以恢复受影响地区。该计划于 2002 年 2 月根据《切尔诺贝利核事故的人类后果》报告中的建议启动。CRDP 的主要目标是支持乌克兰政府减轻切尔诺贝利灾难的长期社会、经济和生态后果。CRDP 在乌克兰受影响最严重的四个地区开展工作：Kyivska、Zhytomyrska、Chernihivska 和 Rivnenska。自 1990 年以来，超过 18,000 名受灾难影响的乌克兰儿童在古巴度假小镇塔拉拉 （Tarará） 接受治疗。切尔诺贝利事故对健康影响国际项目成立并获得了 2000 万美元，主要来自日本，希望发现碘 131 辐射导致健康问题的主要原因。这些资金被分配给乌克兰、白俄罗斯和俄罗斯，用于调查健康影响。由于前苏联国家存在严重的腐败，大部分外国援助都给了俄罗斯，并且没有证明资金的结果。旅游
第一次有限的导游于 2002 年开始。2007 年发布的视频游戏 S.T.A.L.K.E.R. 提高了该网站的知名度，旅行社估计在 2007 年至 2017 年期间有 40,000 名游客参观了该网站。2017 年至 2022 年间，超过 350,000 名游客参观了该遗址，在 2019 年达到了近 125,000 名游客的最高峰值，恰逢 HBO 关于这场灾难的迷你剧的上映。2019 年 7 月发布后，乌克兰总统弗拉基米尔·泽连斯基 （Volodymyr Zelenskyy） 宣布切尔诺贝利遗址将成为官方旅游景点。泽连斯基说：“我们必须让乌克兰的这片领土重获新生。乔治城大学医学院（Georgetown's School of Medicine）的微生物学和免疫学教师T·斯蒂恩（T. Steen）博士建议游客穿着他们愿意扔掉的衣服和鞋子，并避免使用植物。旅游业在 2021 年 COVID 之后反弹，但 2022 年初俄罗斯入侵乌克兰意味着切尔诺贝利地区发生了激烈的战斗，禁区对所有游客关闭。截至 2024 年夏季，它仍然不对旅游业开放。一种平行的“跟踪者”亚文化发展起来，非法访客长时间在该地区漫游，有些人徒步进入该区域超过 100 次，通常没有采取适当的辐射预防措施。长期影响
放射性物质的释放和扩散
虽然很难将切尔诺贝利事故与蓄意的空爆核爆炸进行比较，但据估计，切尔诺贝利释放的放射性物质大约是广岛和长崎原子弹爆炸的 400 倍。然而，由于同位素丰度不同，切尔诺贝利灾难只释放了冷战高峰期核武器试验期间释放的总放射性的百分之一到千分之一左右。大约 100,000 平方公里（39,000 平方英里）的土地受到严重污染，其中白俄罗斯、乌克兰和俄罗斯受影响最严重的地区。除伊比利亚半岛外，整个欧洲都检测到较低的污染水平。4 月 28 日，距离切尔诺贝利 1,100 公里（680 英里）的福斯马克核电站的工人被发现衣服上有放射性颗粒。瑞典在 4 月 28 日中午检测到的放射性水平升高，可以追溯到苏联西部。与此同时，芬兰也检测到辐射水平上升，但公务员罢工推迟了应对和发布。切尔诺贝利事故造成的污染根据天气条件不规则地分散，其中大部分沉积在阿尔卑斯山、威尔士山脉和苏格兰高地等山区，这些地区的绝热冷却导致了放射性降雨。由此产生的污染斑块通常是高度局部的，局部水流导致小区域放射性的巨大变化。当受污染的空气与冷锋相撞时，瑞典和挪威也受到了严重的沉降物，带来了降雨。43-44， 78 还有地下水污染。苏联空军故意在白俄罗斯 10,000 平方公里（3,900 平方英里）的土地上播下雨水，以去除云层中向人口稠密地区移动的放射性粒子。黑色的大雨落在戈梅利市。苏联和西方科学家的报告表明，白俄罗斯苏维埃社会主义共和国接收了前苏联约 60% 的污染。然而，2006 年的 TORCH 报告指出，多达一半的挥发性颗粒实际上已经降落在目前构成乌克兰、白俄罗斯和俄罗斯的前苏联地区之外。布良斯克以南的俄罗斯 SFSR 未连接的大片区域也受到污染，乌克兰西北部苏维埃社会主义共和国的部分地区也受到污染。周边国家的研究表明，超过 100 万人可能受到辐射的影响。2016 年一项长期监测计划的数据显示，白俄罗斯戈梅利附近地区居民的内部辐射暴露有所减少。在西欧，为应对辐射而采取的预防措施包括禁止进口某些食品。2006 年的一项研究发现，污染“相对有限，从西向东递减”，因此，一名猎人在 1997 年食用了 40 公斤受污染的野猪，将接触到大约 1 毫西弗的野猪。相对同位素丰度
切尔诺贝利释放的特点是核心中放射性同位素的物理和化学性质。特别危险的是高放射性裂变产物，即在食物链中积累的具有高核衰变速率的裂变产物，例如碘、铯和锶的一些同位素。碘 131 和铯 137 仍然是导致普通人群受到辐射暴露的两个最主要原因。在事故发生后的不同时间，不同的同位素导致了大部分外部剂量。任何放射性同位素的剩余量，即该同位素的活性，在 7 个衰变半衰期过去后，都小于其初始量级的 1%，并且在 7 个半衰期后继续降低到 0.78% 以上，在 10 个半衰期过后剩余 0.10%，依此类推。一些放射性核素具有同样具有放射性的衰变产物，这里不考虑这一点。核燃料中放射性同位素的释放在很大程度上受其沸点控制，堆芯中存在的大部分放射性保留在反应堆中。反应堆中包含的所有惰性气体，包括氪和氙，都在第一次蒸汽爆炸时立即释放到大气中。半衰期为 5 天的氙 133 在大气中释放的量估计为 5200 PBq。反应器中所有核心放射性碘的 50% 至 60%，即约 1760 PBq（1760×1015 贝克勒尔），或约 0.4 千克（0.88 磅）以升华蒸气、固体颗粒和有机碘化合物的混合物的形式释放。碘 131 的半衰期为 8 天。释放了 20% 到 40% 的核心铯 137，总共 85 PBq。铯以气溶胶形式释放;铯 137 和锶的同位素是阻止切尔诺贝利禁区重新居住的两个主要元素。8.5×1016 Bq 等于 24 千克铯 137。Cs-137 的半衰期为 30 年。碲 132，半衰期 78 小时，估计释放了 1150 PBq。早期估计释放到环境中的核燃料材料总量为 3±1.5%;后来修订为 3.5±0.5%。这相当于 6 吨（5.9 长吨;6.6 短吨）碎片燃料的大气排放量。环境影响
水体
切尔诺贝利核电站位于普里皮亚季河旁边，普里皮亚季河流入第聂伯河水库系统，这是欧洲最大的地表水系统之一，当时为基辅的 240 万居民供水，事故发生时仍处于春汛中。60 因此，水生系统的放射性污染立即成为一个主要问题。在乌克兰受影响最严重的地区，饮用水中的放射性水平在事故发生后的几周和几个月内引起了人们的担忧。饮用水中放射性碘水平的指导方针暂时提高到 3,700 Bq/L，允许大多数水报告为安全水。官方表示，所有污染物都以“不溶相”沉降到底部，并且在 800-1000 年内不会溶解。事故发生一年后，宣布甚至切尔诺贝利工厂冷却池的水也在可接受的标准范围内。尽管如此，灾难发生两个月后，基辅的供水从第聂伯河切换到德斯纳河。64-65与此同时，建造了巨大的淤泥陷阱，以及一个 30 米（98 英尺）深的地下屏障，以防止被毁坏的反应堆中的地下水进入普里皮亚季河。65-67
切尔诺贝利事故对地下水的影响并不严重，因为半衰期短的放射性核素在影响地下水供应之前很久就已经衰变了，而寿命较长的放射性核素（如放射性铯和放射性锶）在转移到地下水之前就被吸附到表层土壤中。然而，切尔诺贝利周围 30 公里（19 英里）禁区内的废物处理场已经发生了大量放射性核素向地下水的转移。尽管放射性核素有可能从这些处置场转移到场外，但原子能机构切尔诺贝利报告认为，与表面沉积放射性的冲刷相比，这并不重要。鱼类中放射性的生物积累导致浓度明显高于指导食用的最高水平。鱼类中放射性铯的指导最高水平各不相同，但欧盟约为 1000 Bq/kg。在乌克兰的基辅水库，事故发生后的最初几年，鱼类中的浓度在 3000 Bq/kg 的范围内。1990-1992 年，在白俄罗斯和俄罗斯布良斯克地区的小型“封闭”湖泊中，许多鱼类的浓度从 100 到 60,000 Bq/kg 不等。鱼类污染在英国和德国的部分地区引起了短期的担忧，而乌克兰、白俄罗斯和俄罗斯以及斯堪的纳维亚半岛的受影响地区则引起了长期的担忧。植物、动物和真菌
灾难发生后，反应堆正南风处 4 平方公里（1.5 平方英里）的松树林变成红棕色并死亡，因此得名“红森林”。受灾最严重地区的一些动物也死亡或停止繁殖。大多数家畜被移出禁区，但留在距离发电厂 6 公里（4 英里）的普里皮亚季河一个小岛上的马在甲状腺被 150-200 Sv 的辐射剂量破坏时死亡。同一岛上的一些牛死亡，那些幸存下来的牛发育迟缓。下一代似乎很正常。由于切尔诺贝利释放的放射性核素，植物和动物的突变率增加了 20 倍。有证据表明，受污染地区的死亡率和生殖失败率增加，这与突变导致的预期死亡频率一致。据称，在乌克兰 Narodychi Raion 的农场，从 1986 年到 1990 年，有近 350 只动物出生时患有严重畸形;相比之下，在之前的五年中，只有 3 例非正常出生被登记。随后对微生物的研究虽然有限，但表明在灾难发生后，暴露于辐射下的细菌和病毒标本发生了快速变化。土壤微菌的激活已有报道。1998 年的一篇论文报道了一种大肠杆菌突变体的发现，该突变体对多种 DNA 损伤元素具有高度耐药性，包括 X 射线辐射、UV-C 和 4-硝基喹啉 1-氧化物 （4NQO）。球形枝孢菌 （Cladosporium sphaerospermum） 是一种在切尔诺贝利污染区繁衍生息的真菌，已被研究用于利用该真菌的特定黑色素来抵御高辐射环境，例如太空旅行。律师、学者和记者将这场灾难描述为生态灭绝的一个例子。人类食物链
由于放射性铯与腐植酸、泥炭土壤的结合程度低于已知的富含高岭石的粘土上的结合“固定”，乌克兰的许多沼泽地区的土壤到奶类转移系数最高，土壤活性为 ~ 200 kBq/m2 到奶奶活性（以 Bq/L 为单位），这是曾经报道过的，随着从初始土地活动到牛奶活性的转移， 范围从土壤上的 0.3-2 到 20-2 倍不等。1987 年，苏联医疗队对污染相对较轻、恢复前景良好的地区的居民进行了大约 16,000 次全身计数检查。这是为了确定禁止本地食品和仅使用进口食品对居民体内放射性核素负担的影响。当耕作发生时，同时使用农业对策，以进一步尽可能减少土壤向人类的转移。预期的最高身体活动是在最初几年，对当地食物的摄入有增无减，导致活动从土壤转移到身体。苏联解体后，现在缩小规模的监测乌克兰这些地区人体活动的倡议记录了长达五年的小幅和逐渐增加的内部承诺剂量，然后恢复到以前每年观察较低身体计数的趋势。据推测，这种短暂的增长是由于苏联食品进口的停止，以及许多村民恢复了旧的乳制品种植方式，以及野生浆果和蘑菇采摘的大幅增加。在 2007 年的一篇论文中，一个被派往 4 号反应堆的机器人带回了生长在反应堆壁上的黑色、富含黑色素的放射性真菌样本。2010 年德国狩猎季节杀死的 440,350 头野猪中，由于切尔诺贝利的残留放射性，大约有 1000 头被辐射水平污染，超过了每公斤干重 600 贝克勒尔铯的允许限度。由于 Elaphomyces 真菌物种在放射性铯中生物积累，因此食用这些“鹿松露”的巴伐利亚森林野猪受到的污染水平高于其环境土壤的水平。鉴于核武器释放的 135Cs/137Cs 比率高于核反应堆，这些野猪中较高的 135Cs 含量表明它们的放射性污染在很大程度上可归因于苏联在乌克兰的核武器试验，该试验在 1950 年代末和 1960 年代初达到顶峰。2015 年，长期经验数据显示没有证据表明辐射对哺乳动物丰度有负面影响。远处高地的降水
在高地上，例如山脉，由于绝热冷却，降水增加。这导致污染物在遥远地区局部集中;Bq/m2 值较高，到许多更靠近羽流源的低地地区。挪威农业局报告称，2009 年，挪威共有 18,000 头牲畜在屠宰前需要一段时间内未受污染的饲料，以确保其肉中的活性低于政府允许的每公斤被认为适合人类食用的铯值。这种污染是由于切尔诺贝利在夏季在野外放牧的山地植物中的残留放射性造成的。2012 年，有 1,914 只绵羊在屠宰前需要一段时间内未受污染的饲料，这些绵羊仅分布在挪威的 18 个城市，比 2011 年的 35 个城市和 1986 年受影响的 117 个城市有所减少。切尔诺贝利对挪威山地羊肉产业的后遗症预计将持续 100 年，尽管在此期间影响的严重程度会下降。当放射性铯 137 落在北爱尔兰、威尔士、苏格兰和英格兰北部的部分地区时，英国限制了绵羊从高地地区的移动。灾难发生后，共有 4,225,000 只羊在总共 9,700 个农场中的活动受到限制，以防止受污染的肉类进入人类食物链。自 1986 年以来，受影响的绵羊和农场数量有所减少。北爱尔兰于 2000 年解除了所有限制，到 2009 年，威尔士、坎布里亚郡和苏格兰北部的 369 个农场（包含约 190,000 只羊）仍处于限制之下。适用于苏格兰的限制于 2010 年取消，而适用于威尔士和坎布里亚的限制于 2012 年取消，这意味着英国没有农场因切尔诺贝利而受到限制。2012 年，英国有关当局撤销了用于控制绵羊移动和补偿农民的立法。人类影响
急性辐射影响和即刻后果
事故中唯一已知的因果死亡涉及工厂工人和消防员。反应堆爆炸导致两名工程师死亡，另有 28 人在三个月内死于急性辐射综合征 （ARS）。一些消息来源报告称，最初的总死亡人数为 31 人，因为有报道称在普里皮亚季撤离期间因压力引起的冠状动脉血栓形成而死亡。大多数严重的 ARS 病例在美国专家 Robert Peter Gale 的协助下进行治疗，他监督骨髓移植手术，尽管这些手术没有成功。死亡主要是由于穿着尘土飞扬、湿透的制服导致大面积皮肤 β 灼伤，以及胃肠道的细菌感染。长期影响
在事故发生后的 10 年里，又有 14 名最初住院的人死亡，其中大部分死于与辐射暴露无关的原因，只有 2 人死于骨髓增生异常综合征。在切尔诺贝利论坛的支持下，科学共识表明，救援人员的实体癌发病率没有统计学上的显著增加。然而，儿童甲状腺癌有所增加，到 2002 年，白俄罗斯、俄罗斯和乌克兰的污染地区报告了约 4,000 例新病例，这主要是由于放射性碘含量高。康复率为 ~99%，报告了 15 例绝症。在清算人的子女或生活在污染地区的子女中未发现突变率增加。由于对放射病的普遍恐惧，心身疾病和创伤后应激产生了重大影响，往往通过培养宿命论的态度和有害行为来加剧健康问题。到 2000 年，声称拥有与辐射相关的“患者”身份的乌克兰人人数达到 350 万，占人口的 5%，其中许多人是从污染区或前切尔诺贝利工人重新安置的。事故发生后医疗监测的增加导致良性疾病和癌症的记录率更高。主要有害放射性核素的影响
从切尔诺贝利传播的四种最有害的放射性核素是碘-131、铯-134、铯-137和锶-90，半衰期分别为8天、2.07年、30.2年和28.8年。8 由于碘的半衰期短，最初被认为比其他同位素的警觉性低，但它的挥发性很强，似乎传播得最远，导致了最严重的健康问题。 24 锶的挥发性最低，在切尔诺贝利附近地区受到主要关注： 8
碘往往会集中在甲状腺和乳腺中，导致甲状腺癌的发病率增加。摄入的总剂量主要来自碘，与其他裂变产物不同，它很快就从奶牛场进入了人类摄入。同样，在剂量重建中，对于在不同时间和从不同城镇疏散的人，吸入剂量以碘 （40%） 为主，空气中的碲 （20%） 和铷的氧化物 （20%） 都是同样次要的、明显的贡献者。铯等长期危害往往会积聚在心脏等重要器官中，而锶会在骨骼中积聚，并可能对骨髓和淋巴细胞构成风险。8 辐射对正在分裂的细胞的损害最大。在成年哺乳动物中，细胞分裂缓慢，除了毛囊、皮肤、骨髓和胃肠道，这就是为什么呕吐和脱发是急性放射病的常见症状。42

有争议的调查
切尔诺贝利地区动物的突变率一直是科学界持续争论的话题，特别是关于 Anders Moller 和 Timothy Mousseau 进行的研究。他们的研究表明，切尔诺贝利地区野生动物的突变率更高，但因其发现的可重复性和所使用的方法而受到批评。撤回调查
1996 年，遗传学家 Ronald Chesser 和 Robert Baker 发表了一篇关于禁区内田鼠种群蓬勃发展的论文，其中中心结论基本上是“这些动物的突变率比正常情况高出数百倍，甚至可能高出数千倍”。这一说法是在他们将“切尔诺贝利田鼠”的线粒体 DNA 与来自该地区以外的田鼠对照组的线粒体 DNA 进行比较之后发生的。作者发现他们对田鼠的种类进行了错误的分类，并在基因上比较了两种不同的田鼠物种。他们在 1997 年发布了撤回声明。堕胎
事故发生后，记者们助长了公众对医疗专业人员的不信任。这种媒体驱动的框架导致欧洲出于对辐射的恐惧而增加人工流产。据估计，全世界有 150,000 例选择性堕胎是由于放射恐惧症而进行的。统计数据不包括苏联-乌克兰-白俄罗斯的堕胎率，这些比率无法获得。然而，在丹麦，记录了约 400 例额外的流产，在希腊，尽管辐射剂量较低，但流产人数增加了 2,500 例。在白俄罗斯或乌克兰没有发现与事故相关的先天性异常患病率发生变化的重要证据。在瑞典和芬兰，研究发现放射性与先天性畸形之间没有关联。更大规模的研究，如 EUROCAT 数据库，评估了近 100 万例出生，没有发现切尔诺贝利的影响。研究人员得出结论，对未出生胎儿影响的广泛担忧是没有道理的。与事故相关的不良妊娠结局的唯一有力证据是由于焦虑引起的选择性流产效应。在非常高的剂量下，辐射可导致妊娠异常，但器官畸形似乎是具有阈值剂量的决定性效应。对乌克兰和白俄罗斯地区的研究表明，大约 50 名儿童在妊娠 8 至 25 周期间暴露在子宫内，可能会出现智力残疾率增加和语言智商降低。切尔诺贝利清算者生下的孩子没有发育异常增加或种系突变没有显着增加。2021 年一项基于清算人子女全基因组测序的研究显示，没有跨代遗传效应。癌症评估
国际原子能机构 （International Atomic Energy Agency） 的一份报告研究了事故对环境的影响。联合国原子辐射影响科学委员会估计，事故造成的全球集体剂量相当于“世界额外暴露于自然本底辐射 21 天”;530,000 名恢复工作者的剂量要高得多，他们平均额外暴露了 50 年的典型自然本底辐射。由于方法和数据不同，对事故造成的死亡人数的估计差异很大。1994 年，事故直接导致 31 人死亡，全部是反应堆工作人员和应急工作人员。切尔诺贝利论坛预测，暴露于最高辐射水平的人（200,000 名应急人员、116,000 名疏散人员和 270,000 名受污染最严重地区的居民）最终死亡人数将高达 4,000 人，其中包括大约 50 名在事故后不久死亡的应急人员，15 名儿童死于甲状腺癌，预计有 3,935 人死于辐射诱发的癌症和白血病。2006 年发表在《国际癌症杂志》上的一篇论文估计，到 2006 年，切尔诺贝利可能已在欧洲造成约 1,000 例甲状腺癌和 4,000 例其他癌症。到 2065 年，模型预测事故将导致 16,000 例甲状腺癌和 25,000 例其他癌症。风险预测表明，到现在 [2006] 切尔诺贝利可能已经在欧洲造成了大约 1000 例甲状腺癌和 4000 例其他癌症，约占事故后所有新发癌症的 0.01%。模型预测，到 2065 年，预计约有 16,000 例甲状腺癌和 25,000 例其他癌症病例是由于事故的辐射造成的，而预计有数亿例癌症病例是由其他原因引起的。忧思科学家联盟 （UCS） 等反核组织公布的估计表明，最终将有 50,000 例癌症病例超额，导致全球 25,000 例癌症死亡，不包括甲状腺癌。这些数字基于线性无阈值模型，国际辐射防护委员会 （ICRP） 建议不要使用该模型进行风险预测。2006 年 TORCH 报告估计全球有 30,000 至 60,000 人超额死亡癌症。切尔诺贝利论坛在 2004 年透露，由于摄入受污染的乳制品和吸入碘 131，儿童甲状腺癌是切尔诺贝利事故对健康的主要影响之一。据报道，儿童甲状腺癌病例超过 4,000 例，但没有证据表明实体癌或白血病增加。世界卫生组织的放射计划报告称，在 4,000 例甲状腺癌病例中，有 9 例死亡。到 2005 年，UNSCEAR 报告称，在儿童或青少年暴露的人群中，甲状腺癌病例超过 6,000 例。高分化甲状腺癌通常是可以治疗的，5 年生存率为 96%，30 年后为 92%。到 2011 年，UNSCEAR 报告了 15 例甲状腺癌死亡。国际原子能机构表示，出生缺陷、实体癌或其他异常情况没有增加，证实了联合国的评估。UNSCEAR 指出了长期遗传缺陷的可能性，并指出 1994 年出生的儿童中辐射诱导的微型卫星突变翻了一番。然而，根据已发表的研究，与切尔诺贝利事故相关的甲状腺癌风险仍然很高。国际防止核战争医师协会的德国分支机构表示，截至 2006 年，已有 10,000 人患有甲状腺癌，预计未来将有 50,000 例病例。其他疾病
放射专家弗雷德·梅特勒 （Fred Mettler） 估计，全球有 9,000 人死于与切尔诺贝利有关的癌症，他指出，虽然相对于正常癌症风险来说，这个数字很小，但绝对值却很大。该报告强调了夸大的辐射恐惧对心理健康的风险，并指出将受影响人群贴上“受害者”的标签会导致无助感。梅特勒还评论说，20 年后，人们仍然对辐射效应不确定，从而导致有害行为。联合国原子辐射影响科学委员会 （UNSCEAR） 已经对辐射影响进行了评估。可能是由于切尔诺贝利灾难，1987 年 1 月白俄罗斯报告的唐氏综合症病例数量异常多，但随后没有上升趋势。长期辐射死亡
切尔诺贝利灾难可能造成的死亡人数备受争议。世界卫生组织根据线性无阈值模型 （LNT） 预测周边国家未来将有 4,000 人死于癌症，该模型假设即使是低剂量的辐射也会成比例地增加癌症风险。忧思科学家联盟使用相同的 LNT 模型估计全球约有 27,000 例超额癌症死亡。绿色和平组织的一项研究估计，从 1990 年到 2004 年，白俄罗斯、俄罗斯和乌克兰新增了 10,000-200,000 人死亡。该报告因依赖未经同行评议的研究而受到批评，而世卫组织发言人格雷戈里·哈特尔（Gregory Härtl）则表示，其结论是出于意识形态动机。出版物《切尔诺贝利：灾难对人类和环境的后果》声称有 985,000 人过早死亡，但因偏见和使用无法验证的消息来源而受到批评。社会经济影响
很难确定灾难的总经济成本。根据米哈伊尔·戈尔巴乔夫 （Mikhail Gorbachev） 的说法，苏联在遏制和净化方面花费了 180 亿卢比（按今天的美元计算为 59 亿美元），几乎使自己破产。2005 年，白俄罗斯 30 年的总成本估计为 2350 亿美元。戈尔巴乔夫后来写道，“切尔诺贝利的核熔毁......也许是苏联解体的真正原因。
持续成本仍然很高;切尔诺贝利论坛在其 2003-2005 年的报告中指出，乌克兰政府支出的 5% 到 7% 仍然与切尔诺贝利有关，而在白俄罗斯，1991 年至 2003 年期间花费了超过 130 亿美元。2018 年，乌克兰将其国家预算的 5% 至 7% 用于恢复活动。白俄罗斯的经济损失估计为 2350 亿美元。一个重大影响是 784,320 公顷（1,938,100 英亩）的农业用地和 694,200 公顷（1,715,000 英亩）的森林被从生产中移除。虽然大部分已经恢复使用，但由于需要特殊的耕作技术，农业成本已经上升。在政治上，这次事故对苏联的新开放政策具有重大意义，并有助于在冷战结束时建立更紧密的苏美关系。：44-48 这场灾难也成为苏联解体的关键因素，并塑造了“新”东欧。：20-21 戈尔巴乔夫说：“最重要的是， （切尔诺贝利）为更大的言论自由提供了可能性，以至于我们所知道的（苏联）制度不能再继续下去了。
一些乌克兰人认为切尔诺贝利灾难是俄罗斯人摧毁他们的又一次尝试，可与大饥荒相媲美。评论员认为，切尔诺贝利灾难更有可能发生在共产主义国家而不是资本主义国家。据报道，苏联发电厂管理人员在危机期间无权做出关键决策。意义
核争论
由于许多人对苏联当局的不信任，苏联当局进行了掩盖，因此在事件发生的早期，第一世界发生了关于这种情况的大量辩论。记者不信任许多专业人士，反过来又鼓励公众也不信任他们。这次事故引发了全世界对裂变反应堆的高度担忧，虽然大多数担忧都集中在那些具有相同不寻常设计的反应堆上，但数百个不同的核反应堆提案，包括切尔诺贝利正在建设的 5 号和 6 号反应堆，最终被取消。随着新的核反应堆安全系统标准导致成本膨胀，以及应对日益敌对/焦虑的公众舆论的法律和政治成本，1986 年后新反应堆的建造速度急剧下降。这次事故还引发了人们对苏联核电工业漫不经心的安全文化的担忧，减缓了工业增长，并迫使苏联政府对其作程序变得不那么保密。政府对切尔诺贝利灾难的掩盖是 glasnost 的催化剂，它“为导致苏联解体的改革铺平了道路”。至少从 1973 年开始，克格勃就知道许多结构和施工质量问题，以及与原始工厂设计的偏差，并传递给中央委员会，中央委员会没有采取任何行动并将信息分类。在意大利，切尔诺贝利事故的政治影响反映在 1987 年核电公投的结果中。因此，意大利于 1988 年开始逐步淘汰其核电站，这一决定在 2008 年被有效地推翻。2011 年的全民公决重申了意大利人对核电的反对，从而废除了政府 2008 年的决定。在德国，切尔诺贝利事故导致了联邦环境部的成立。德国环境部长也被赋予了反应堆安全方面的权力，该部长至今仍承担着这一职责。切尔诺贝利灾难还被认为加强了德国的反核运动，最终导致 1998 年至 2005 年的施罗德政府决定停止使用核能。这一政策的暂时逆转以福岛核灾难而告终。作为对切尔诺贝利灾难的直接回应，国际原子能机构于 1986 年召开了一次会议，旨在制定《核事故早期通报公约》。由此产生的条约规定，成员国必须通知任何可能影响其他国家的核事故和辐射事故，以及《核事故或辐射紧急情况下援助公约》。切尔诺贝利已被用作研究此类灾难根本原因（如睡眠剥夺和管理不善）的案例研究。在流行文化中
切尔诺贝利悲剧激发了世界各地许多艺术家创作有关这场灾难的艺术作品、动画、视频游戏、戏剧和电影。HBO 剧集《切尔诺贝利》和乌克兰-白俄罗斯作家斯韦特兰娜·阿列克谢耶维奇 （Svetlana Alexievich） 的《切尔诺贝利之声》一书是两部著名的作品。乌克兰艺术家罗曼·古马纽克 （Roman Gumanyuk） 创作了一系列名为“普里皮亚季之光或切尔诺贝利阴影”的艺术作品，其中包括 2012 年至 2013 年展出的 30 幅关于切尔诺贝利事故的油画。视频游戏 S.T.A.L.K.E.R.：切尔诺贝利之影，由 GSC Game World 开发并由 THQ 于 2007 年发行，是一款以禁区为背景的第一人称射击游戏。名为 S.T.A.L.K.E.R.：晴空的前传于 2008 年发布，随后续集 S.T.A.L.K.E.R.：普里皮亚季的召唤于 2010 年发布。最后，2012 年上映的恐怖片《切尔诺贝利日记》讲述了六名游客聘请导游带他们前往废弃的普里皮亚季市，在那里他们发现他们并不孤单。多年来，电影制作人制作了研究灾难后果的纪录片。2003 年上映的奥斯卡获奖影片《切尔诺贝利之心》等纪录片探讨了辐射如何影响该地区的居民，以及有关辐射暴露的长期副作用的信息。切尔诺贝利的巴布什卡斯 （2015） 是一部关于三名决定在灾难后返回禁区的女性的纪录片。在这部纪录片中，Babushkas 展示了被污染的水，他们来自放射性花园的食物，并解释了他们如何在放射性水平下设法在这个禁区生存。纪录片《切尔诺贝利战役》（2006 年）展示了普里皮亚季市灾难发生前一天的稀有原始镜头，然后通过不同的方法深入探讨了导致 4 号反应堆爆炸和灾难响应的时间顺序事件。广受好评的 2019 年历史剧电视迷你剧《切尔诺贝利》围绕着这场灾难和随之而来的清理工作展开。另请参阅
占领切尔诺贝利——2022 年俄罗斯入侵乌克兰的一部分
个人参与切尔诺贝利灾难 – 参与切尔诺贝利核事故的人
切尔诺贝利相关文章列表 – 切尔诺贝利灾难相关文章
关于切尔诺贝利灾难的书籍清单 – 关于切尔诺贝利熔毁的书籍继续清单
工业灾害一览
核灾难和放射性事件清单
核沉降物对生态系统的影响 – 放射性沉降物对生态系统的影响
法国切尔诺贝利灾难的后果

笔记
引用
引用作品
Dyatlov， Anatoly （2003 年）。切尔诺贝利。它是怎么发生的（俄语）。Nauchtechlitizdat， Moscow.国际标准书号 978-5-93728-006-0。延伸阅读
外部链接

联合国切尔诺贝利官方网站
国际切尔诺贝利门户 chernobyl.info、联合国机构间项目 ICRIN
国际原子能机构（IAEA）的切尔诺贝利常见问题
切尔诺贝利灾难事实和信息，国家地理
切尔诺贝利恢复与发展计划（联合国开发计划署）
Net-Film Newsreels 和 Documentary Films Archive 上有关切尔诺贝利灾难的镜头和纪录片
来自异化区和普里皮亚特市内部的照片 （2010）
来自普里皮亚季市和受灾人员的照片
中文（简体） 俄罗斯 基于 RBMK 的发电厂的照片，显示了反应堆大厅、泵和控制室的详细信息
后苏联污染：切尔诺贝利的影响 来自 Dean Peter Krogh Foreign Affairs 数字档案
切尔诺贝利周围残余放射性图",1294443744,https://en.wikipedia.org/w/index.php?title=Chernobyl_disaster&oldid=1294443744,feccbf45c294,0,342c73143477
Disasters and Accidents,Disasters and Accidents,Disasters and Accidents,List of sole survivors of aviation accidents and incidents,"此名单包括航空事故和涉及 10 人或以上机上事故的唯一幸存者。在此列表中，“唯一幸存者”是指在空难中幸存下来的人，其中所有其他飞机乘客都因事故而直接死亡。此列表不包括后来因事故期间受伤而死亡（可能在另一个地点）的初始幸存者，以及对方飞机的唯一乘客幸存的飞机碰撞（地面或航班）（例如，全日空航空公司 58 号航班和东方航空公司 537 号航班）。此外，第二次世界大战期间与重型轰炸机有关的事故和战斗损失的众多唯一幸存者事件也被排除在外，这些轰炸机通常有 10 名或更多机组人员。

历史
已知最早的唯一幸存者是 Lou Foote。1929 年 3 月 17 日，作为泽西岛观光航班的飞行员，他试图强行降落单翼飞机，但单翼飞机在起飞后不久就发生了发动机故障。然而，飞机并没有成功，因为飞机撞上了一辆装满沙子的钢制铁路车厢，机舱内的 13 人和驾驶舱内的一人全部死亡。事故发生时，他 34 岁。
已知最早的女性唯一幸存者是琳达·麦克唐纳 （Linda McDonald）。1936 年 9 月 5 日，她在匹兹堡附近的 Skyways 观光飞机坠毁中幸存下来，这次事故造成包括她男朋友在内的 10 人死亡。当时她 17 岁。
最年轻的唯一幸存者是 Chanayuth Nim-anong，他在 1997 年 9 月 3 日的一次车祸中幸存下来，当时他只有 14 个月大。他是越南航空公司 815 航班的唯一幸存者，该航班共有 65 人死亡。唯一最年长的幸存者是亚历山大·西佐夫，他在 2011 年 9 月 7 日因 YAK-Service 9633 航班坠毁时 52 岁，造成 44 人死亡。
唯一幸存者最致命的航空灾难是西北航空公司 255 航班，该航班于 1987 年 8 月 16 日在密歇根州罗穆卢斯坠毁，机上 155 人中有 154 人死亡，地面上有两人死亡。车祸的唯一幸存者是一位名叫 Cecelia Cichan 的 4 岁女孩，她受了重伤。
唯一幸存者发生飞机事故最多的运营商是俄罗斯的 Aeroflot，与其他多家航空公司相比，俄罗斯航空公司在苏联时代发生的事故数量众多。

值得注意的唯一幸存者
维斯纳·武洛维奇.1972 年 1 月 26 日，JAT 367 航班上空的 22 岁塞尔维亚空乘人员在捷克斯洛伐克上空爆炸时从 10,160 米（33,316 英尺）的高度坠落，幸存下来。她是吉尼斯世界纪录的保持者，在没有降落伞的情况下幸存下来的最高坠落记录保持者。
拉里萨·萨维茨卡娅。1981 年 8 月 28 日，这位 20 岁的年轻人是 Aeroflot 811 航班上的一名乘客，当时该航班在阿穆尔州上空与一架图波列夫 Tu-16K 战略轰炸机相撞。她在 5,220 米（17,130 英尺）的坠落中幸存下来，并在事件发生 3 天后获救。
朱莉安·科普克。1971 年 12 月 24 日，当 LANSA 508 航班在恶劣天气下坠毁时，这位 17 岁的少年从 3,048 米（10,000 英尺）的高空坠落中幸存下来，并在亚马逊雨林中独自航行了 11 天，才获救。
巴伊亚巴卡里。2009 年 6 月 30 日，当也门 626 航班在科摩罗附近的海域坠毁时，这名 12 岁的男孩紧紧抓住飞机残骸，在大水中漂浮了 9 个多小时，然后被一艘私人船只救起。
安妮特·赫夫肯斯。1992 年 11 月 14 日，当越南航空公司 474 航班坠毁时，这位 31 岁的男子独自在越南丛林中度过了 8 天等待救援。
黄裕（中文：黃裕，汉语拼音：Huáng Yù）。1948 年 7 月 17 日，民航史上首次有记录的商用飞机劫持事件，24 岁的 24 岁男子是企图劫持国泰航空飞机“澳门小姐”的四人之一，但最终将飞机坠入水中。

列表
笔记
书目
达比，保罗;约翰斯，马丁;梅勒，加文 （2005）。足球与灾难 （2005 年版）。劳特利奇。国际标准书号 978-0-7146-8289-1。- 总页数：193
威廉姆森，罗纳德 M.（2000 年）。佛罗里达州杰克逊维尔海军航空站，1940-2000 年：图解历史（2000 年版）。特纳出版公司。国际标准书号 978-1-56311-730-5。- 总页数： 200
美国国会 （2003）。国会记录（2003 年版）。政府印刷局。- 总页数：15591

== 参考资料 ==",1294715486,https://en.wikipedia.org/w/index.php?title=List_of_sole_survivors_of_aviation_accidents_and_incidents&oldid=1294715486,65867ef93a92,0,c4539f9f1849
